Competition,saison,Stade,Ville,Capacite,Equipe_Home,Equipe_Away,Score,isDerby,PhaseImportance,is_important_match,is_top_team_home,affluence_moyenne,date_Match,heure_match,prix_billet_moyen,temperature,Recette_Moyenne,source_file,type_affluence,affluence_moyenne_originale,taux_occupation,annee,mois,jour_semaine,est_weekend,categorie_stade,derby_top_team,is_outlier_affluence,is_outlier_taux
Botola Pro,2019/2020,Stade Mohamed V,Casablanca,67000,Club Athletic Youssoufia Berrechid,Difaâ El Jadida,01:00,False,1,False,False,20279.718042704262,2020-10-10,16:00,60,20.3,1200000,botola_2019_2020_matches.csv,moyenne,20000,30.268235884633228,2020.0,10.0,5.0,1,,0,False,False
Botola Pro,2019/2020,Stade Municipale de Oued Zem,Oued Zem,8000,Rapide Oued Zem,Ittihad Tanger,05:03,False,1,False,False,5245.831593243295,2020-10-10,18:00,60,23.7,303780,botola_2019_2020_matches.csv,moyenne,5063,65.57289491554118,2020.0,10.0,5.0,1,Moyen,0,False,False
Botola Pro,2019/2020,Stade Municipal de Berkane,Berkane,15000,Renaissance Zemamra,Raja Beni Mellal,01:01,False,1,False,False,7058.553150070229,2020-10-10,20:00,60,20.4,386280,botola_2019_2020_matches.csv,moyenne,6438,47.0570210004682,2020.0,10.0,5.0,1,Moyen,0,False,False
Botola Pro,2019/2020,Stade Saniat-Rmel,Tetouan,15000,Moghreb Atlético Tétouan,Olympique Khouribga,02:01,False,1,False,False,9389.32534879026,2020-10-10,20:00,60,20.1,525000,botola_2019_2020_matches.csv,moyenne,8750,62.595502325268406,2020.0,10.0,5.0,1,Moyen,0,False,False
Botola Pro,2019/2020,Stade Mohamed V,Casablanca,67000,Raja Club Athletic,AS FAR Rabat,02:01,False,1,False,True,22829.161951775397,2020-11-10,20:00,60,20.8,1200000,botola_2019_2020_matches.csv,moyenne,20000,34.07337604742597,2020.0,11.0,1.0,0,,0,False,False
Botola Pro,2019/2020,Complexe Sportif du Phosphate,Khouribga,15000,Olympique Safi,Renaissance de Berkane,00:01,False,1,False,False,6881.600668318882,2020-11-10,20:00,60,23.3,386280,botola_2019_2020_matches.csv,moyenne,6438,45.877337788792545,2020.0,11.0,1.0,0,Moyen,0,False,False
Botola Pro,2019/2020,Stade Adrar,Agadir,45480,Hassania d'Agadir,Mouloudia d'Oujda,00:01,False,1,False,False,6990.390099996133,2020-11-10,20:00,60,27.2,402840,botola_2019_2020_matches.csv,moyenne,6714,15.370250879498974,2020.0,11.0,1.0,0,Grand,0,False,False
Botola Pro,2019/2020,Stade Prince Moulay Hassan,Rabat,22000,FUS Rabat,Wydad Casablanca,01:02,False,1,False,True,2937.5733533816224,2020-11-10,20:00,60,20.2,144000,botola_2019_2020_matches.csv,moyenne,2400,13.352606151734648,2020.0,11.0,1.0,0,Moyen,0,False,False
Botola Pro,2019/2020,Stade Mohamed V,Casablanca,67000,Club Athletic Youssoufia Berrechid,Difaâ El Jadida,01:00,False,1,False,False,21738.906108758052,2020-10-10,16:00,60,20.3,1200000,botola_2019_2020_matches.csv,moyenne,20000,32.44612852053441,2020.0,10.0,5.0,1,,0,False,False
Botola Pro,2019/2020,Stade Municipale de Oued Zem,Oued Zem,8000,Rapide Oued Zem,Ittihad Tanger,05:03,False,1,False,False,5499.433634330587,2020-10-10,18:00,60,23.7,303780,botola_2019_2020_matches.csv,moyenne,5063,68.74292042913234,2020.0,10.0,5.0,1,Moyen,0,False,False
Botola Pro,2019/2020,Stade Municipal de Berkane,Berkane,15000,Renaissance Zemamra,Raja Beni Mellal,01:01,False,1,False,False,6780.430700265566,2020-10-10,20:00,60,20.4,386280,botola_2019_2020_matches.csv,moyenne,6438,45.20287133510377,2020.0,10.0,5.0,1,Moyen,0,False,False
Botola Pro,2019/2020,Stade Saniat-Rmel,Tetouan,15000,Moghreb Atlético Tétouan,Olympique Khouribga,02:01,False,1,False,False,10055.235762079412,2020-10-10,20:00,60,20.1,525000,botola_2019_2020_matches.csv,moyenne,8750,67.03490508052941,2020.0,10.0,5.0,1,Moyen,0,False,False
Botola Pro,2019/2020,Stade Mohamed V,Casablanca,67000,Raja Club Athletic,AS FAR Rabat,02:01,False,1,False,True,24726.961711244527,2020-11-10,20:00,60,20.8,1200000,botola_2019_2020_matches.csv,moyenne,20000,36.905913001857506,2020.0,11.0,1.0,0,,0,False,False
Botola Pro,2019/2020,Complexe Sportif du Phosphate,Khouribga,15000,Olympique Safi,Renaissance de Berkane,00:01,False,1,False,False,6810.0126605605665,2020-11-10,20:00,60,23.3,386280,botola_2019_2020_matches.csv,moyenne,6438,45.40008440373711,2020.0,11.0,1.0,0,Moyen,0,False,False
Botola Pro,2019/2020,Stade Adrar,Agadir,45480,Hassania d'Agadir,Mouloudia d'Oujda,00:01,False,1,False,False,7081.842009253688,2020-11-10,20:00,60,27.2,402840,botola_2019_2020_matches.csv,moyenne,6714,15.571332474172578,2020.0,11.0,1.0,0,Grand,0,False,False
Botola Pro,2019/2020,Stade Prince Moulay Hassan,Rabat,22000,FUS Rabat,Wydad Casablanca,01:02,False,1,False,True,2861.3341956673703,2020-11-10,20:00,60,20.2,144000,botola_2019_2020_matches.csv,moyenne,2400,13.006064525760774,2020.0,11.0,1.0,0,Moyen,0,False,False
Botola Pro,2019/2020,Stade Mohamed V,Casablanca,67000,Club Athletic Youssoufia Berrechid,Difaâ El Jadida,01:00,False,1,False,False,20437.70176144216,2020-10-10,16:00,60,20.3,1200000,botola_2019_2020_matches.csv,moyenne,20000,30.50403247976442,2020.0,10.0,5.0,1,,0,False,False
Botola Pro,2019/2020,Stade Municipale de Oued Zem,Oued Zem,8000,Rapide Oued Zem,Ittihad Tanger,05:03,False,1,False,False,5153.276890725382,2020-10-10,18:00,60,23.7,303780,botola_2019_2020_matches.csv,moyenne,5063,64.41596113406727,2020.0,10.0,5.0,1,Moyen,0,False,False
Botola Pro,2019/2020,Stade Municipal de Berkane,Berkane,15000,Renaissance Zemamra,Raja Beni Mellal,01:01,False,1,False,False,7394.408080669314,2020-10-10,20:00,60,20.4,386280,botola_2019_2020_matches.csv,moyenne,6438,49.296053871128755,2020.0,10.0,5.0,1,Moyen,0,False,False
Botola Pro,2019/2020,Stade Saniat-Rmel,Tetouan,15000,Moghreb Atlético Tétouan,Olympique Khouribga,02:01,False,1,False,False,9801.04751788538,2020-10-10,20:00,60,20.1,525000,botola_2019_2020_matches.csv,moyenne,8750,65.34031678590253,2020.0,10.0,5.0,1,Moyen,0,False,False
Botola Pro,2019/2020,Stade Mohamed V,Casablanca,67000,Raja Club Athletic,AS FAR Rabat,02:01,False,1,False,True,24169.333220525077,2020-11-10,20:00,60,20.8,1200000,botola_2019_2020_matches.csv,moyenne,20000,36.073631672425485,2020.0,11.0,1.0,0,,0,False,False
Botola Pro,2019/2020,Complexe Sportif du Phosphate,Khouribga,15000,Olympique Safi,Renaissance de Berkane,00:01,False,1,False,False,6886.5893574714155,2020-11-10,20:00,60,23.3,386280,botola_2019_2020_matches.csv,moyenne,6438,45.9105957164761,2020.0,11.0,1.0,0,Moyen,0,False,False
Botola Pro,2019/2020,Stade Adrar,Agadir,45480,Hassania d'Agadir,Mouloudia d'Oujda,00:01,False,1,False,False,7059.764139068517,2020-11-10,20:00,60,27.2,402840,botola_2019_2020_matches.csv,moyenne,6714,15.522788344477828,2020.0,11.0,1.0,0,Grand,0,False,False
Botola Pro,2019/2020,Stade Prince Moulay Hassan,Rabat,22000,FUS Rabat,Wydad Casablanca,01:02,False,1,False,True,3014.0887539192877,2020-11-10,20:00,60,20.2,144000,botola_2019_2020_matches.csv,moyenne,2400,13.700403426905853,2020.0,11.0,1.0,0,Moyen,0,False,False
Botola Pro,2019/2020,Stade Mohamed V,Casablanca,67000,Club Athletic Youssoufia Berrechid,Difaâ El Jadida,01:00,False,1,False,False,20785.77976791985,2020-10-10,16:00,60,20.3,1200000,botola_2019_2020_matches.csv,moyenne,20000,31.023551892417682,2020.0,10.0,5.0,1,,0,False,False
Botola Pro,2019/2020,Stade Municipale de Oued Zem,Oued Zem,8000,Rapide Oued Zem,Ittihad Tanger,05:03,False,1,False,False,5424.9983818829405,2020-10-10,18:00,60,23.7,303780,botola_2019_2020_matches.csv,moyenne,5063,67.81247977353677,2020.0,10.0,5.0,1,Moyen,0,False,False
Botola Pro,2019/2020,Stade Municipal de Berkane,Berkane,15000,Renaissance Zemamra,Raja Beni Mellal,01:01,False,1,False,False,7411.980017912408,2020-10-10,20:00,60,20.4,386280,botola_2019_2020_matches.csv,moyenne,6438,49.413200119416054,2020.0,10.0,5.0,1,Moyen,0,False,False
Botola Pro,2019/2020,Stade Saniat-Rmel,Tetouan,15000,Moghreb Atlético Tétouan,Olympique Khouribga,02:01,False,1,False,False,9672.301745598737,2020-10-10,20:00,60,20.1,525000,botola_2019_2020_matches.csv,moyenne,8750,64.48201163732492,2020.0,10.0,5.0,1,Moyen,0,False,False
Botola Pro,2019/2020,Stade Mohamed V,Casablanca,67000,Raja Club Athletic,AS FAR Rabat,02:01,False,1,False,True,23579.660596088786,2020-11-10,20:00,60,20.8,1200000,botola_2019_2020_matches.csv,moyenne,20000,35.19352327774446,2020.0,11.0,1.0,0,,0,False,False
Botola Pro,2019/2020,Complexe Sportif du Phosphate,Khouribga,15000,Olympique Safi,Renaissance de Berkane,00:01,False,1,False,False,7373.317793059964,2020-11-10,20:00,60,23.3,386280,botola_2019_2020_matches.csv,moyenne,6438,49.15545195373309,2020.0,11.0,1.0,0,Moyen,0,False,False
Botola Pro,2019/2020,Stade Adrar,Agadir,45480,Hassania d'Agadir,Mouloudia d'Oujda,00:01,False,1,False,False,6825.426718226088,2020-11-10,20:00,60,27.2,402840,botola_2019_2020_matches.csv,moyenne,6714,15.007534560743377,2020.0,11.0,1.0,0,Grand,0,False,False
Botola Pro,2019/2020,Stade Prince Moulay Hassan,Rabat,22000,FUS Rabat,Wydad Casablanca,01:02,False,1,False,True,2858.904906737845,2020-11-10,20:00,60,20.2,144000,botola_2019_2020_matches.csv,moyenne,2400,12.995022303353842,2020.0,11.0,1.0,0,Moyen,0,False,False
Botola Pro,2019/2020,Stade Mohamed V,Casablanca,67000,Club Athletic Youssoufia Berrechid,Difaâ El Jadida,01:00,False,1,False,False,21201.371273693567,2020-10-10,16:00,60,20.3,1200000,botola_2019_2020_matches.csv,moyenne,20000,31.643837721930694,2020.0,10.0,5.0,1,,0,False,False
Botola Pro,2019/2020,Stade Municipale de Oued Zem,Oued Zem,8000,Rapide Oued Zem,Ittihad Tanger,05:03,False,1,False,False,5343.93234736244,2020-10-10,18:00,60,23.7,303780,botola_2019_2020_matches.csv,moyenne,5063,66.7991543420305,2020.0,10.0,5.0,1,Moyen,0,False,False
Botola Pro,2019/2020,Stade Municipal de Berkane,Berkane,15000,Renaissance Zemamra,Raja Beni Mellal,01:01,False,1,False,False,7147.420488415423,2020-10-10,20:00,60,20.4,386280,botola_2019_2020_matches.csv,moyenne,6438,47.64946992276949,2020.0,10.0,5.0,1,Moyen,0,False,False
Botola Pro,2019/2020,Stade Saniat-Rmel,Tetouan,15000,Moghreb Atlético Tétouan,Olympique Khouribga,02:01,False,1,False,False,9578.805963077677,2020-10-10,20:00,60,20.1,525000,botola_2019_2020_matches.csv,moyenne,8750,63.85870642051784,2020.0,10.0,5.0,1,Moyen,0,False,False
Botola Pro,2019/2020,Stade Mohamed V,Casablanca,67000,Raja Club Athletic,AS FAR Rabat,02:01,False,1,False,True,23750.970859755835,2020-11-10,20:00,60,20.8,1200000,botola_2019_2020_matches.csv,moyenne,20000,35.449210238441545,2020.0,11.0,1.0,0,,0,False,False
Botola Pro,2019/2020,Complexe Sportif du Phosphate,Khouribga,15000,Olympique Safi,Renaissance de Berkane,00:01,False,1,False,False,7346.446650436315,2020-11-10,20:00,60,23.3,386280,botola_2019_2020_matches.csv,moyenne,6438,48.976311002908766,2020.0,11.0,1.0,0,Moyen,0,False,False
Botola Pro,2019/2020,Stade Adrar,Agadir,45480,Hassania d'Agadir,Mouloudia d'Oujda,00:01,False,1,False,False,6795.221361199668,2020-11-10,20:00,60,27.2,402840,botola_2019_2020_matches.csv,moyenne,6714,14.941119967457492,2020.0,11.0,1.0,0,Grand,0,False,False
Botola Pro,2019/2020,Stade Prince Moulay Hassan,Rabat,22000,FUS Rabat,Wydad Casablanca,01:02,False,1,False,True,2914.400955718852,2020-11-10,20:00,60,20.2,144000,botola_2019_2020_matches.csv,moyenne,2400,13.247277071449325,2020.0,11.0,1.0,0,Moyen,0,False,False
Botola Pro,2019/2020,Stade Mohamed V,Casablanca,67000,Club Athletic Youssoufia Berrechid,Difaâ El Jadida,01:00,False,1,False,False,21775.157697613973,2020-10-10,16:00,60,20.3,1200000,botola_2019_2020_matches.csv,moyenne,20000,32.50023536957309,2020.0,10.0,5.0,1,,0,False,False
Botola Pro,2019/2020,Stade Municipale de Oued Zem,Oued Zem,8000,Rapide Oued Zem,Ittihad Tanger,05:03,False,1,False,False,5546.561409051098,2020-10-10,18:00,60,23.7,303780,botola_2019_2020_matches.csv,moyenne,5063,69.33201761313873,2020.0,10.0,5.0,1,Moyen,0,False,False
Botola Pro,2019/2020,Stade Municipal de Berkane,Berkane,15000,Renaissance Zemamra,Raja Beni Mellal,01:01,False,1,False,False,6923.642464495131,2020-10-10,20:00,60,20.4,386280,botola_2019_2020_matches.csv,moyenne,6438,46.15761642996754,2020.0,10.0,5.0,1,Moyen,0,False,False
Botola Pro,2019/2020,Stade Saniat-Rmel,Tetouan,15000,Moghreb Atlético Tétouan,Olympique Khouribga,02:01,False,1,False,False,9675.083540162508,2020-10-10,20:00,60,20.1,525000,botola_2019_2020_matches.csv,moyenne,8750,64.50055693441672,2020.0,10.0,5.0,1,Moyen,0,False,False
Botola Pro,2019/2020,Stade Mohamed V,Casablanca,67000,Raja Club Athletic,AS FAR Rabat,02:01,False,1,False,True,23345.314874036416,2020-11-10,20:00,60,20.8,1200000,botola_2019_2020_matches.csv,moyenne,20000,34.84375354333793,2020.0,11.0,1.0,0,,0,False,False
Botola Pro,2019/2020,Complexe Sportif du Phosphate,Khouribga,15000,Olympique Safi,Renaissance de Berkane,00:01,False,1,False,False,7303.309258484007,2020-11-10,20:00,60,23.3,386280,botola_2019_2020_matches.csv,moyenne,6438,48.688728389893384,2020.0,11.0,1.0,0,Moyen,0,False,False
Botola Pro,2019/2020,Stade Adrar,Agadir,45480,Hassania d'Agadir,Mouloudia d'Oujda,00:01,False,1,False,False,6778.404317001484,2020-11-10,20:00,60,27.2,402840,botola_2019_2020_matches.csv,moyenne,6714,14.90414317722402,2020.0,11.0,1.0,0,Grand,0,False,False
Botola Pro,2019/2020,Stade Prince Moulay Hassan,Rabat,22000,FUS Rabat,Wydad Casablanca,01:02,False,1,False,True,2895.5541563628226,2020-11-10,20:00,60,20.2,144000,botola_2019_2020_matches.csv,moyenne,2400,13.161609801649194,2020.0,11.0,1.0,0,Moyen,0,False,False
Botola Pro,2019/2020,Stade Mohamed V,Casablanca,67000,Club Athletic Youssoufia Berrechid,Difaâ El Jadida,01:00,False,1,False,False,21499.574778658396,2020-10-10,16:00,60,20.3,1200000,botola_2019_2020_matches.csv,moyenne,20000,32.088917580087156,2020.0,10.0,5.0,1,,0,False,False
Botola Pro,2019/2020,Stade Municipale de Oued Zem,Oued Zem,8000,Rapide Oued Zem,Ittihad Tanger,05:03,False,1,False,False,5076.180669809674,2020-10-10,18:00,60,23.7,303780,botola_2019_2020_matches.csv,moyenne,5063,63.45225837262093,2020.0,10.0,5.0,1,Moyen,0,False,False
Botola Pro,2019/2020,Stade Municipal de Berkane,Berkane,15000,Renaissance Zemamra,Raja Beni Mellal,01:01,False,1,False,False,6873.154621744779,2020-10-10,20:00,60,20.4,386280,botola_2019_2020_matches.csv,moyenne,6438,45.821030811631864,2020.0,10.0,5.0,1,Moyen,0,False,False
Botola Pro,2019/2020,Stade Saniat-Rmel,Tetouan,15000,Moghreb Atlético Tétouan,Olympique Khouribga,02:01,False,1,False,False,9539.461467548032,2020-10-10,20:00,60,20.1,525000,botola_2019_2020_matches.csv,moyenne,8750,63.59640978365354,2020.0,10.0,5.0,1,Moyen,0,False,False
Botola Pro,2019/2020,Stade Mohamed V,Casablanca,67000,Raja Club Athletic,AS FAR Rabat,02:01,False,1,False,True,22926.419086862978,2020-11-10,20:00,60,20.8,1200000,botola_2019_2020_matches.csv,moyenne,20000,34.21853595054176,2020.0,11.0,1.0,0,,0,False,False
Botola Pro,2019/2020,Complexe Sportif du Phosphate,Khouribga,15000,Olympique Safi,Renaissance de Berkane,00:01,False,1,False,False,7283.945818207163,2020-11-10,20:00,60,23.3,386280,botola_2019_2020_matches.csv,moyenne,6438,48.55963878804776,2020.0,11.0,1.0,0,Moyen,0,False,False
Botola Pro,2019/2020,Stade Adrar,Agadir,45480,Hassania d'Agadir,Mouloudia d'Oujda,00:01,False,1,False,False,6816.664390914183,2020-11-10,20:00,60,27.2,402840,botola_2019_2020_matches.csv,moyenne,6714,14.988268229802513,2020.0,11.0,1.0,0,Grand,0,False,False
Botola Pro,2019/2020,Stade Prince Moulay Hassan,Rabat,22000,FUS Rabat,Wydad Casablanca,01:02,False,1,False,True,2765.4493460547023,2020-11-10,20:00,60,20.2,144000,botola_2019_2020_matches.csv,moyenne,2400,12.570224300248647,2020.0,11.0,1.0,0,Moyen,0,False,False
Botola Pro,2019/2020,Stade Mohamed V,Casablanca,67000,Club Athletic Youssoufia Berrechid,Difaâ El Jadida,01:00,False,1,False,False,21665.26095393602,2020-10-10,16:00,60,20.3,1200000,botola_2019_2020_matches.csv,moyenne,20000,32.33621037900898,2020.0,10.0,5.0,1,,0,False,False
Botola Pro,2019/2020,Stade Municipale de Oued Zem,Oued Zem,8000,Rapide Oued Zem,Ittihad Tanger,05:03,False,1,False,False,5493.9546461006585,2020-10-10,18:00,60,23.7,303780,botola_2019_2020_matches.csv,moyenne,5063,68.67443307625824,2020.0,10.0,5.0,1,Moyen,0,False,False
Botola Pro,2019/2020,Stade Municipal de Berkane,Berkane,15000,Renaissance Zemamra,Raja Beni Mellal,01:01,False,1,False,False,7024.318907666796,2020-10-10,20:00,60,20.4,386280,botola_2019_2020_matches.csv,moyenne,6438,46.82879271777864,2020.0,10.0,5.0,1,Moyen,0,False,False
Botola Pro,2019/2020,Stade Saniat-Rmel,Tetouan,15000,Moghreb Atlético Tétouan,Olympique Khouribga,02:01,False,1,False,False,9849.712238056261,2020-10-10,20:00,60,20.1,525000,botola_2019_2020_matches.csv,moyenne,8750,65.66474825370841,2020.0,10.0,5.0,1,Moyen,0,False,False
Botola Pro,2019/2020,Stade Mohamed V,Casablanca,67000,Raja Club Athletic,AS FAR Rabat,02:01,False,1,False,True,24714.512759224082,2020-11-10,20:00,60,20.8,1200000,botola_2019_2020_matches.csv,moyenne,20000,36.88733247645386,2020.0,11.0,1.0,0,,0,False,False
Botola Pro,2019/2020,Complexe Sportif du Phosphate,Khouribga,15000,Olympique Safi,Renaissance de Berkane,00:01,False,1,False,False,6824.240649357748,2020-11-10,20:00,60,23.3,386280,botola_2019_2020_matches.csv,moyenne,6438,45.494937662384984,2020.0,11.0,1.0,0,Moyen,0,False,False
Botola Pro,2019/2020,Stade Adrar,Agadir,45480,Hassania d'Agadir,Mouloudia d'Oujda,00:01,False,1,False,False,6790.914983771524,2020-11-10,20:00,60,27.2,402840,botola_2019_2020_matches.csv,moyenne,6714,14.931651239603175,2020.0,11.0,1.0,0,Grand,0,False,False
Botola Pro,2019/2020,Stade Prince Moulay Hassan,Rabat,22000,FUS Rabat,Wydad Casablanca,01:02,False,1,False,True,2898.860768225906,2020-11-10,20:00,60,20.2,144000,botola_2019_2020_matches.csv,moyenne,2400,13.1766398555723,2020.0,11.0,1.0,0,Moyen,0,False,False
Botola Pro,2019/2020,Stade Mohamed V,Casablanca,67000,Club Athletic Youssoufia Berrechid,Difaâ El Jadida,01:00,False,1,False,False,22038.044291225542,2020-10-10,16:00,60,20.3,1200000,botola_2019_2020_matches.csv,moyenne,20000,32.892603419739615,2020.0,10.0,5.0,1,,0,False,False
Botola Pro,2019/2020,Stade Municipale de Oued Zem,Oued Zem,8000,Rapide Oued Zem,Ittihad Tanger,05:03,False,1,False,False,5382.845610409951,2020-10-10,18:00,60,23.7,303780,botola_2019_2020_matches.csv,moyenne,5063,67.2855701301244,2020.0,10.0,5.0,1,Moyen,0,False,False
Botola Pro,2019/2020,Stade Municipal de Berkane,Berkane,15000,Renaissance Zemamra,Raja Beni Mellal,01:01,False,1,False,False,7175.775111784902,2020-10-10,20:00,60,20.4,386280,botola_2019_2020_matches.csv,moyenne,6438,47.83850074523268,2020.0,10.0,5.0,1,Moyen,0,False,False
Botola Pro,2019/2020,Stade Saniat-Rmel,Tetouan,15000,Moghreb Atlético Tétouan,Olympique Khouribga,02:01,False,1,False,False,9565.331043470405,2020-10-10,20:00,60,20.1,525000,botola_2019_2020_matches.csv,moyenne,8750,63.76887362313604,2020.0,10.0,5.0,1,Moyen,0,False,False
Botola Pro,2019/2020,Stade Mohamed V,Casablanca,67000,Raja Club Athletic,AS FAR Rabat,02:01,False,1,False,True,23012.511723127704,2020-11-10,20:00,60,20.8,1200000,botola_2019_2020_matches.csv,moyenne,20000,34.347032422578664,2020.0,11.0,1.0,0,,0,False,False
Botola Pro,2019/2020,Complexe Sportif du Phosphate,Khouribga,15000,Olympique Safi,Renaissance de Berkane,00:01,False,1,False,False,7211.685524934465,2020-11-10,20:00,60,23.3,386280,botola_2019_2020_matches.csv,moyenne,6438,48.0779034995631,2020.0,11.0,1.0,0,Moyen,0,False,False
Botola Pro,2019/2020,Stade Adrar,Agadir,45480,Hassania d'Agadir,Mouloudia d'Oujda,00:01,False,1,False,False,6873.127975791947,2020-11-10,20:00,60,27.2,402840,botola_2019_2020_matches.csv,moyenne,6714,15.11241859233058,2020.0,11.0,1.0,0,Grand,0,False,False
Botola Pro,2019/2020,Stade Prince Moulay Hassan,Rabat,22000,FUS Rabat,Wydad Casablanca,01:02,False,1,False,True,2861.0446130445334,2020-11-10,20:00,60,20.2,144000,botola_2019_2020_matches.csv,moyenne,2400,13.004748241111516,2020.0,11.0,1.0,0,Moyen,0,False,False
Botola Pro,2019/2020,Stade Mohamed V,Casablanca,67000,Club Athletic Youssoufia Berrechid,Difaâ El Jadida,01:00,False,1,False,False,21103.04373591458,2020-10-10,16:00,60,20.3,1200000,botola_2019_2020_matches.csv,moyenne,20000,31.497080202857582,2020.0,10.0,5.0,1,,0,False,False
Botola Pro,2019/2020,Stade Municipale de Oued Zem,Oued Zem,8000,Rapide Oued Zem,Ittihad Tanger,05:03,False,1,False,False,5323.35908155273,2020-10-10,18:00,60,23.7,303780,botola_2019_2020_matches.csv,moyenne,5063,66.54198851940912,2020.0,10.0,5.0,1,Moyen,0,False,False
Botola Pro,2019/2020,Stade Municipal de Berkane,Berkane,15000,Renaissance Zemamra,Raja Beni Mellal,01:01,False,1,False,False,7062.564310946785,2020-10-10,20:00,60,20.4,386280,botola_2019_2020_matches.csv,moyenne,6438,47.083762072978566,2020.0,10.0,5.0,1,Moyen,0,False,False
Botola Pro,2019/2020,Stade Saniat-Rmel,Tetouan,15000,Moghreb Atlético Tétouan,Olympique Khouribga,02:01,False,1,False,False,9520.892767272597,2020-10-10,20:00,60,20.1,525000,botola_2019_2020_matches.csv,moyenne,8750,63.47261844848398,2020.0,10.0,5.0,1,Moyen,0,False,False
Botola Pro,2019/2020,Stade Mohamed V,Casablanca,67000,Raja Club Athletic,AS FAR Rabat,02:01,False,1,False,True,23720.850413133063,2020-11-10,20:00,60,20.8,1200000,botola_2019_2020_matches.csv,moyenne,20000,35.40425434795979,2020.0,11.0,1.0,0,,0,False,False
Botola Pro,2019/2020,Complexe Sportif du Phosphate,Khouribga,15000,Olympique Safi,Renaissance de Berkane,00:01,False,1,False,False,7173.294806321076,2020-11-10,20:00,60,23.3,386280,botola_2019_2020_matches.csv,moyenne,6438,47.82196537547384,2020.0,11.0,1.0,0,Moyen,0,False,False
Botola Pro,2019/2020,Stade Adrar,Agadir,45480,Hassania d'Agadir,Mouloudia d'Oujda,00:01,False,1,False,False,7226.3459161628525,2020-11-10,20:00,60,27.2,402840,botola_2019_2020_matches.csv,moyenne,6714,15.889063140199763,2020.0,11.0,1.0,0,Grand,0,False,False
Botola Pro,2019/2020,Stade Prince Moulay Hassan,Rabat,22000,FUS Rabat,Wydad Casablanca,01:02,False,1,False,True,2736.1259969179227,2020-11-10,20:00,60,20.2,144000,botola_2019_2020_matches.csv,moyenne,2400,12.436936349626922,2020.0,11.0,1.0,0,Moyen,0,False,False
Botola Pro,2019/2020,Stade Mohamed V,Casablanca,67000,Club Athletic Youssoufia Berrechid,Difaâ El Jadida,01:00,False,2,False,False,20435.109784068827,2020-10-10,16:00,60,20.3,1200000,botola_2019_2020_matches.csv,moyenne,20000,30.500163856819146,2020.0,10.0,5.0,1,,0,False,False
Botola Pro,2019/2020,Stade Municipale de Oued Zem,Oued Zem,8000,Rapide Oued Zem,Ittihad Tanger,05:03,False,2,False,False,5073.260306174865,2020-10-10,18:00,60,23.7,303780,botola_2019_2020_matches.csv,moyenne,5063,63.41575382718582,2020.0,10.0,5.0,1,Moyen,0,False,False
Botola Pro,2019/2020,Stade Municipal de Berkane,Berkane,15000,Renaissance Zemamra,Raja Beni Mellal,01:01,False,2,False,False,6734.051253102728,2020-10-10,20:00,60,20.4,386280,botola_2019_2020_matches.csv,moyenne,6438,44.89367502068485,2020.0,10.0,5.0,1,Moyen,0,False,False
Botola Pro,2019/2020,Stade Saniat-Rmel,Tetouan,15000,Moghreb Atlético Tétouan,Olympique Khouribga,02:01,False,2,False,False,9694.72218898391,2020-10-10,20:00,60,20.1,525000,botola_2019_2020_matches.csv,moyenne,8750,64.63148125989274,2020.0,10.0,5.0,1,Moyen,0,False,False
Botola Pro,2019/2020,Stade Mohamed V,Casablanca,67000,Raja Club Athletic,AS FAR Rabat,02:01,False,2,False,True,23692.30304763602,2020-11-10,20:00,60,20.8,1200000,botola_2019_2020_matches.csv,moyenne,20000,35.361646339755254,2020.0,11.0,1.0,0,,0,False,False
Botola Pro,2019/2020,Complexe Sportif du Phosphate,Khouribga,15000,Olympique Safi,Renaissance de Berkane,00:01,False,2,False,False,7008.073162406076,2020-11-10,20:00,60,23.3,386280,botola_2019_2020_matches.csv,moyenne,6438,46.72048774937384,2020.0,11.0,1.0,0,Moyen,0,False,False
Botola Pro,2019/2020,Stade Adrar,Agadir,45480,Hassania d'Agadir,Mouloudia d'Oujda,00:01,False,2,False,False,6993.379687835134,2020-11-10,20:00,60,27.2,402840,botola_2019_2020_matches.csv,moyenne,6714,15.37682429163398,2020.0,11.0,1.0,0,Grand,0,False,False
Botola Pro,2019/2020,Stade Prince Moulay Hassan,Rabat,22000,FUS Rabat,Wydad Casablanca,01:02,False,2,False,True,2839.241605689145,2020-11-10,20:00,60,20.2,144000,botola_2019_2020_matches.csv,moyenne,2400,12.905643662223387,2020.0,11.0,1.0,0,Moyen,0,False,False
Botola Pro,2019/2020,Stade Mohamed V,Casablanca,67000,Club Athletic Youssoufia Berrechid,Difaâ El Jadida,01:00,False,2,False,False,21600.837014270382,2020-10-10,16:00,60,20.3,1200000,botola_2019_2020_matches.csv,moyenne,20000,32.240055245179676,2020.0,10.0,5.0,1,,0,False,False
Botola Pro,2019/2020,Stade Municipale de Oued Zem,Oued Zem,8000,Rapide Oued Zem,Ittihad Tanger,05:03,False,2,False,False,5179.006486664189,2020-10-10,18:00,60,23.7,303780,botola_2019_2020_matches.csv,moyenne,5063,64.73758108330236,2020.0,10.0,5.0,1,Moyen,0,False,False
Botola Pro,2019/2020,Stade Municipal de Berkane,Berkane,15000,Renaissance Zemamra,Raja Beni Mellal,01:01,False,2,False,False,7058.219813008344,2020-10-10,20:00,60,20.4,386280,botola_2019_2020_matches.csv,moyenne,6438,47.05479875338896,2020.0,10.0,5.0,1,Moyen,0,False,False
Botola Pro,2019/2020,Stade Saniat-Rmel,Tetouan,15000,Moghreb Atlético Tétouan,Olympique Khouribga,02:01,False,2,False,False,9182.833162840627,2020-10-10,20:00,60,20.1,525000,botola_2019_2020_matches.csv,moyenne,8750,61.218887752270845,2020.0,10.0,5.0,1,Moyen,0,False,False
Botola Pro,2019/2020,Stade Mohamed V,Casablanca,67000,Raja Club Athletic,AS FAR Rabat,02:01,False,2,False,True,24030.881174590028,2020-11-10,20:00,60,20.8,1200000,botola_2019_2020_matches.csv,moyenne,20000,35.86698682774631,2020.0,11.0,1.0,0,,0,False,False
Botola Pro,2019/2020,Complexe Sportif du Phosphate,Khouribga,15000,Olympique Safi,Renaissance de Berkane,00:01,False,2,False,False,7151.684703628852,2020-11-10,20:00,60,23.3,386280,botola_2019_2020_matches.csv,moyenne,6438,47.677898024192345,2020.0,11.0,1.0,0,Moyen,0,False,False
Botola Pro,2019/2020,Stade Adrar,Agadir,45480,Hassania d'Agadir,Mouloudia d'Oujda,00:01,False,2,False,False,6721.72293316956,2020-11-10,20:00,60,27.2,402840,botola_2019_2020_matches.csv,moyenne,6714,14.779513925174934,2020.0,11.0,1.0,0,Grand,0,False,False
Botola Pro,2019/2020,Stade Prince Moulay Hassan,Rabat,22000,FUS Rabat,Wydad Casablanca,01:02,False,2,False,True,2927.758016557338,2020-11-10,20:00,60,20.2,144000,botola_2019_2020_matches.csv,moyenne,2400,13.307990984351537,2020.0,11.0,1.0,0,Moyen,0,False,False
Botola Pro,2019/2020,Stade Mohamed V,Casablanca,67000,Club Athletic Youssoufia Berrechid,Difaâ El Jadida,01:00,False,2,False,False,20573.288995110524,2020-10-10,16:00,60,20.3,1200000,botola_2019_2020_matches.csv,moyenne,20000,30.70640148523959,2020.0,10.0,5.0,1,,0,False,False
Botola Pro,2019/2020,Stade Municipale de Oued Zem,Oued Zem,8000,Rapide Oued Zem,Ittihad Tanger,05:03,False,2,False,False,5091.025390544658,2020-10-10,18:00,60,23.7,303780,botola_2019_2020_matches.csv,moyenne,5063,63.637817381808226,2020.0,10.0,5.0,1,Moyen,0,False,False
Botola Pro,2019/2020,Stade Municipal de Berkane,Berkane,15000,Renaissance Zemamra,Raja Beni Mellal,01:01,False,2,False,False,7045.2737620730995,2020-10-10,20:00,60,20.4,386280,botola_2019_2020_matches.csv,moyenne,6438,46.968491747154,2020.0,10.0,5.0,1,Moyen,0,False,False
Botola Pro,2019/2020,Stade Saniat-Rmel,Tetouan,15000,Moghreb Atlético Tétouan,Olympique Khouribga,02:01,False,2,False,False,9885.567174410055,2020-10-10,20:00,60,20.1,525000,botola_2019_2020_matches.csv,moyenne,8750,65.9037811627337,2020.0,10.0,5.0,1,Moyen,0,False,False
Botola Pro,2019/2020,Stade Mohamed V,Casablanca,67000,Raja Club Athletic,AS FAR Rabat,02:01,False,2,False,True,23125.689941859862,2020-11-10,20:00,60,20.8,1200000,botola_2019_2020_matches.csv,moyenne,20000,34.51595513710427,2020.0,11.0,1.0,0,,0,False,False
Botola Pro,2019/2020,Complexe Sportif du Phosphate,Khouribga,15000,Olympique Safi,Renaissance de Berkane,00:01,False,2,False,False,7325.958392947301,2020-11-10,20:00,60,23.3,386280,botola_2019_2020_matches.csv,moyenne,6438,48.839722619648676,2020.0,11.0,1.0,0,Moyen,0,False,False
Botola Pro,2019/2020,Stade Adrar,Agadir,45480,Hassania d'Agadir,Mouloudia d'Oujda,00:01,False,2,False,False,6767.573551441122,2020-11-10,20:00,60,27.2,402840,botola_2019_2020_matches.csv,moyenne,6714,14.880328829026212,2020.0,11.0,1.0,0,Grand,0,False,False
Botola Pro,2019/2020,Stade Prince Moulay Hassan,Rabat,22000,FUS Rabat,Wydad Casablanca,01:02,False,2,False,True,2949.3577183348243,2020-11-10,20:00,60,20.2,144000,botola_2019_2020_matches.csv,moyenne,2400,13.406171446976476,2020.0,11.0,1.0,0,Moyen,0,False,False
Botola Pro,2019/2020,Stade Mohamed V,Casablanca,67000,Club Athletic Youssoufia Berrechid,Difaâ El Jadida,01:00,False,2,False,False,21122.90276587779,2020-10-10,16:00,60,20.3,1200000,botola_2019_2020_matches.csv,moyenne,20000,31.526720546086253,2020.0,10.0,5.0,1,,0,False,False
Botola Pro,2019/2020,Stade Municipale de Oued Zem,Oued Zem,8000,Rapide Oued Zem,Ittihad Tanger,05:03,False,2,False,False,5366.56189692708,2020-10-10,18:00,60,23.7,303780,botola_2019_2020_matches.csv,moyenne,5063,67.0820237115885,2020.0,10.0,5.0,1,Moyen,0,False,False
Botola Pro,2019/2020,Stade Municipal de Berkane,Berkane,15000,Renaissance Zemamra,Raja Beni Mellal,01:01,False,2,False,False,6912.9173507070345,2020-10-10,20:00,60,20.4,386280,botola_2019_2020_matches.csv,moyenne,6438,46.08611567138023,2020.0,10.0,5.0,1,Moyen,0,False,False
Botola Pro,2019/2020,Stade Saniat-Rmel,Tetouan,15000,Moghreb Atlético Tétouan,Olympique Khouribga,02:01,False,2,False,False,9556.518080157948,2020-10-10,20:00,60,20.1,525000,botola_2019_2020_matches.csv,moyenne,8750,63.71012053438632,2020.0,10.0,5.0,1,Moyen,0,False,False
Botola Pro,2019/2020,Stade Mohamed V,Casablanca,67000,Raja Club Athletic,AS FAR Rabat,02:01,False,2,False,True,23294.25255373779,2020-11-10,20:00,60,20.8,1200000,botola_2019_2020_matches.csv,moyenne,20000,34.767541124981776,2020.0,11.0,1.0,0,,0,False,False
Botola Pro,2019/2020,Complexe Sportif du Phosphate,Khouribga,15000,Olympique Safi,Renaissance de Berkane,00:01,False,2,False,False,7037.544535975633,2020-11-10,20:00,60,23.3,386280,botola_2019_2020_matches.csv,moyenne,6438,46.91696357317089,2020.0,11.0,1.0,0,Moyen,0,False,False
Botola Pro,2019/2020,Stade Adrar,Agadir,45480,Hassania d'Agadir,Mouloudia d'Oujda,00:01,False,2,False,False,7117.916189957401,2020-11-10,20:00,60,27.2,402840,botola_2019_2020_matches.csv,moyenne,6714,15.650651253204487,2020.0,11.0,1.0,0,Grand,0,False,False
Botola Pro,2019/2020,Stade Prince Moulay Hassan,Rabat,22000,FUS Rabat,Wydad Casablanca,01:02,False,2,False,True,2770.7783569340327,2020-11-10,20:00,60,20.2,144000,botola_2019_2020_matches.csv,moyenne,2400,12.594447076972875,2020.0,11.0,1.0,0,Moyen,0,False,False
Botola Pro,2019/2020,Stade Mohamed V,Casablanca,67000,Club Athletic Youssoufia Berrechid,Difaâ El Jadida,01:00,False,2,False,False,21685.283371626003,2020-10-10,16:00,60,20.3,1200000,botola_2019_2020_matches.csv,moyenne,20000,32.366094584516425,2020.0,10.0,5.0,1,,0,False,False
Botola Pro,2019/2020,Stade Municipale de Oued Zem,Oued Zem,8000,Rapide Oued Zem,Ittihad Tanger,05:03,False,2,False,False,5255.946575006256,2020-10-10,18:00,60,23.7,303780,botola_2019_2020_matches.csv,moyenne,5063,65.69933218757821,2020.0,10.0,5.0,1,Moyen,0,False,False
Botola Pro,2019/2020,Stade Municipal de Berkane,Berkane,15000,Renaissance Zemamra,Raja Beni Mellal,01:01,False,2,False,False,6782.185716926281,2020-10-10,20:00,60,20.4,386280,botola_2019_2020_matches.csv,moyenne,6438,45.214571446175206,2020.0,10.0,5.0,1,Moyen,0,False,False
Botola Pro,2019/2020,Stade Saniat-Rmel,Tetouan,15000,Moghreb Atlético Tétouan,Olympique Khouribga,02:01,False,2,False,False,9469.421858315705,2020-10-10,20:00,60,20.1,525000,botola_2019_2020_matches.csv,moyenne,8750,63.12947905543803,2020.0,10.0,5.0,1,Moyen,0,False,False
Botola Pro,2019/2020,Stade Mohamed V,Casablanca,67000,Raja Club Athletic,AS FAR Rabat,02:01,False,2,False,True,24840.533707324317,2020-11-10,20:00,60,20.8,1200000,botola_2019_2020_matches.csv,moyenne,20000,37.07542344376763,2020.0,11.0,1.0,0,,0,False,False
Botola Pro,2019/2020,Complexe Sportif du Phosphate,Khouribga,15000,Olympique Safi,Renaissance de Berkane,00:01,False,2,False,False,7293.064769081722,2020-11-10,20:00,60,23.3,386280,botola_2019_2020_matches.csv,moyenne,6438,48.62043179387815,2020.0,11.0,1.0,0,Moyen,0,False,False
Botola Pro,2019/2020,Stade Adrar,Agadir,45480,Hassania d'Agadir,Mouloudia d'Oujda,00:01,False,2,False,False,7336.638074966193,2020-11-10,20:00,60,27.2,402840,botola_2019_2020_matches.csv,moyenne,6714,16.131570085677644,2020.0,11.0,1.0,0,Grand,0,False,False
Botola Pro,2019/2020,Stade Prince Moulay Hassan,Rabat,22000,FUS Rabat,Wydad Casablanca,01:02,False,2,False,True,2820.514395439831,2020-11-10,20:00,60,20.2,144000,botola_2019_2020_matches.csv,moyenne,2400,12.820519979271957,2020.0,11.0,1.0,0,Moyen,0,False,False
Botola Pro,2019/2020,Stade Mohamed V,Casablanca,67000,Club Athletic Youssoufia Berrechid,Difaâ El Jadida,01:00,False,2,False,False,21547.721397762074,2020-10-10,16:00,60,20.3,1200000,botola_2019_2020_matches.csv,moyenne,20000,32.16077820561504,2020.0,10.0,5.0,1,,0,False,False
Botola Pro,2019/2020,Stade Municipale de Oued Zem,Oued Zem,8000,Rapide Oued Zem,Ittihad Tanger,05:03,False,2,False,False,5536.96370515419,2020-10-10,18:00,60,23.7,303780,botola_2019_2020_matches.csv,moyenne,5063,69.21204631442738,2020.0,10.0,5.0,1,Moyen,0,False,False
Botola Pro,2019/2020,Stade Municipal de Berkane,Berkane,15000,Renaissance Zemamra,Raja Beni Mellal,01:01,False,2,False,False,7324.14828041575,2020-10-10,20:00,60,20.4,386280,botola_2019_2020_matches.csv,moyenne,6438,48.827655202771666,2020.0,10.0,5.0,1,Moyen,0,False,False
Botola Pro,2019/2020,Stade Saniat-Rmel,Tetouan,15000,Moghreb Atlético Tétouan,Olympique Khouribga,02:01,False,2,False,False,9626.620776478096,2020-10-10,20:00,60,20.1,525000,botola_2019_2020_matches.csv,moyenne,8750,64.1774718431873,2020.0,10.0,5.0,1,Moyen,0,False,False
Botola Pro,2019/2020,Stade Mohamed V,Casablanca,67000,Raja Club Athletic,AS FAR Rabat,02:01,False,2,False,True,23385.85772563651,2020-11-10,20:00,60,20.8,1200000,botola_2019_2020_matches.csv,moyenne,20000,34.904265262144044,2020.0,11.0,1.0,0,,0,False,False
Botola Pro,2019/2020,Complexe Sportif du Phosphate,Khouribga,15000,Olympique Safi,Renaissance de Berkane,00:01,False,2,False,False,7301.655226177706,2020-11-10,20:00,60,23.3,386280,botola_2019_2020_matches.csv,moyenne,6438,48.677701507851374,2020.0,11.0,1.0,0,Moyen,0,False,False
Botola Pro,2019/2020,Stade Adrar,Agadir,45480,Hassania d'Agadir,Mouloudia d'Oujda,00:01,False,2,False,False,7065.291213127047,2020-11-10,20:00,60,27.2,402840,botola_2019_2020_matches.csv,moyenne,6714,15.53494110186246,2020.0,11.0,1.0,0,Grand,0,False,False
Botola Pro,2019/2020,Stade Prince Moulay Hassan,Rabat,22000,FUS Rabat,Wydad Casablanca,01:02,False,2,False,True,2852.4360179466726,2020-11-10,20:00,60,20.2,144000,botola_2019_2020_matches.csv,moyenne,2400,12.965618263393965,2020.0,11.0,1.0,0,Moyen,0,False,False
Botola Pro,2019/2020,Stade Mohamed V,Casablanca,67000,Club Athletic Youssoufia Berrechid,Difaâ El Jadida,01:00,False,2,False,False,20013.32115226253,2020-10-10,16:00,60,20.3,1200000,botola_2019_2020_matches.csv,moyenne,20000,29.870628585466463,2020.0,10.0,5.0,1,,0,False,False
Botola Pro,2019/2020,Stade Municipale de Oued Zem,Oued Zem,8000,Rapide Oued Zem,Ittihad Tanger,05:03,False,2,False,False,5081.580789774576,2020-10-10,18:00,60,23.7,303780,botola_2019_2020_matches.csv,moyenne,5063,63.5197598721822,2020.0,10.0,5.0,1,Moyen,0,False,False
Botola Pro,2019/2020,Stade Municipal de Berkane,Berkane,15000,Renaissance Zemamra,Raja Beni Mellal,01:01,False,2,False,False,7230.322682195487,2020-10-10,20:00,60,20.4,386280,botola_2019_2020_matches.csv,moyenne,6438,48.20215121463658,2020.0,10.0,5.0,1,Moyen,0,False,False
Botola Pro,2019/2020,Stade Saniat-Rmel,Tetouan,15000,Moghreb Atlético Tétouan,Olympique Khouribga,02:01,False,2,False,False,9920.293620171515,2020-10-10,20:00,60,20.1,525000,botola_2019_2020_matches.csv,moyenne,8750,66.13529080114343,2020.0,10.0,5.0,1,Moyen,0,False,False
Botola Pro,2019/2020,Stade Mohamed V,Casablanca,67000,Raja Club Athletic,AS FAR Rabat,02:01,False,2,False,True,24404.268837652286,2020-11-10,20:00,60,20.8,1200000,botola_2019_2020_matches.csv,moyenne,20000,36.42428184724222,2020.0,11.0,1.0,0,,0,False,False
Botola Pro,2019/2020,Complexe Sportif du Phosphate,Khouribga,15000,Olympique Safi,Renaissance de Berkane,00:01,False,2,False,False,7334.677764821059,2020-11-10,20:00,60,23.3,386280,botola_2019_2020_matches.csv,moyenne,6438,48.897851765473725,2020.0,11.0,1.0,0,Moyen,0,False,False
Botola Pro,2019/2020,Stade Adrar,Agadir,45480,Hassania d'Agadir,Mouloudia d'Oujda,00:01,False,2,False,False,7108.603469364318,2020-11-10,20:00,60,27.2,402840,botola_2019_2020_matches.csv,moyenne,6714,15.630174734750039,2020.0,11.0,1.0,0,Grand,0,False,False
Botola Pro,2019/2020,Stade Prince Moulay Hassan,Rabat,22000,FUS Rabat,Wydad Casablanca,01:02,False,2,False,True,2786.60592615555,2020-11-10,20:00,60,20.2,144000,botola_2019_2020_matches.csv,moyenne,2400,12.666390573434319,2020.0,11.0,1.0,0,Moyen,0,False,False
Botola Pro,2019/2020,Stade Mohamed V,Casablanca,67000,Club Athletic Youssoufia Berrechid,Difaâ El Jadida,01:00,False,2,False,False,20784.4861769013,2020-10-10,16:00,60,20.3,1200000,botola_2019_2020_matches.csv,moyenne,20000,31.02162115955418,2020.0,10.0,5.0,1,,0,False,False
Botola Pro,2019/2020,Stade Municipale de Oued Zem,Oued Zem,8000,Rapide Oued Zem,Ittihad Tanger,05:03,False,2,False,False,5312.60174737335,2020-10-10,18:00,60,23.7,303780,botola_2019_2020_matches.csv,moyenne,5063,66.40752184216687,2020.0,10.0,5.0,1,Moyen,0,False,False
Botola Pro,2019/2020,Stade Municipal de Berkane,Berkane,15000,Renaissance Zemamra,Raja Beni Mellal,01:01,False,2,False,False,6900.771253789279,2020-10-10,20:00,60,20.4,386280,botola_2019_2020_matches.csv,moyenne,6438,46.00514169192853,2020.0,10.0,5.0,1,Moyen,0,False,False
Botola Pro,2019/2020,Stade Saniat-Rmel,Tetouan,15000,Moghreb Atlético Tétouan,Olympique Khouribga,02:01,False,2,False,False,9760.881636051665,2020-10-10,20:00,60,20.1,525000,botola_2019_2020_matches.csv,moyenne,8750,65.07254424034443,2020.0,10.0,5.0,1,Moyen,0,False,False
Botola Pro,2019/2020,Stade Mohamed V,Casablanca,67000,Raja Club Athletic,AS FAR Rabat,02:01,False,2,False,True,24556.936189679436,2020-11-10,20:00,60,20.8,1200000,botola_2019_2020_matches.csv,moyenne,20000,36.65214356668572,2020.0,11.0,1.0,0,,0,False,False
Botola Pro,2019/2020,Complexe Sportif du Phosphate,Khouribga,15000,Olympique Safi,Renaissance de Berkane,00:01,False,2,False,False,7424.9393927841265,2020-11-10,20:00,60,23.3,386280,botola_2019_2020_matches.csv,moyenne,6438,49.49959595189418,2020.0,11.0,1.0,0,Moyen,0,False,False
Botola Pro,2019/2020,Stade Adrar,Agadir,45480,Hassania d'Agadir,Mouloudia d'Oujda,00:01,False,2,False,False,6867.3076288650345,2020-11-10,20:00,60,27.2,402840,botola_2019_2020_matches.csv,moyenne,6714,15.099620995745457,2020.0,11.0,1.0,0,Grand,0,False,False
Botola Pro,2019/2020,Stade Prince Moulay Hassan,Rabat,22000,FUS Rabat,Wydad Casablanca,01:02,False,2,False,True,2996.666660020471,2020-11-10,20:00,60,20.2,144000,botola_2019_2020_matches.csv,moyenne,2400,13.62121209100214,2020.0,11.0,1.0,0,Moyen,0,False,False
Botola Pro,2019/2020,Stade Mohamed V,Casablanca,67000,Club Athletic Youssoufia Berrechid,Difaâ El Jadida,01:00,False,2,False,False,20217.118028676254,2020-10-10,16:00,60,20.3,1200000,botola_2019_2020_matches.csv,moyenne,20000,30.174803027875008,2020.0,10.0,5.0,1,,0,False,False
Botola Pro,2019/2020,Stade Municipale de Oued Zem,Oued Zem,8000,Rapide Oued Zem,Ittihad Tanger,05:03,False,2,False,False,5293.349637858397,2020-10-10,18:00,60,23.7,303780,botola_2019_2020_matches.csv,moyenne,5063,66.16687047322995,2020.0,10.0,5.0,1,Moyen,0,False,False
Botola Pro,2019/2020,Stade Municipal de Berkane,Berkane,15000,Renaissance Zemamra,Raja Beni Mellal,01:01,False,2,False,False,7326.751916742966,2020-10-10,20:00,60,20.4,386280,botola_2019_2020_matches.csv,moyenne,6438,48.845012778286446,2020.0,10.0,5.0,1,Moyen,0,False,False
Botola Pro,2019/2020,Stade Saniat-Rmel,Tetouan,15000,Moghreb Atlético Tétouan,Olympique Khouribga,02:01,False,2,False,False,9187.150666240828,2020-10-10,20:00,60,20.1,525000,botola_2019_2020_matches.csv,moyenne,8750,61.247671108272186,2020.0,10.0,5.0,1,Moyen,0,False,False
Botola Pro,2019/2020,Stade Mohamed V,Casablanca,67000,Raja Club Athletic,AS FAR Rabat,02:01,False,2,False,True,24581.71136002185,2020-11-10,20:00,60,20.8,1200000,botola_2019_2020_matches.csv,moyenne,20000,36.68912143286843,2020.0,11.0,1.0,0,,0,False,False
Botola Pro,2019/2020,Complexe Sportif du Phosphate,Khouribga,15000,Olympique Safi,Renaissance de Berkane,00:01,False,2,False,False,7145.960389497571,2020-11-10,20:00,60,23.3,386280,botola_2019_2020_matches.csv,moyenne,6438,47.63973592998381,2020.0,11.0,1.0,0,Moyen,0,False,False
Botola Pro,2019/2020,Stade Adrar,Agadir,45480,Hassania d'Agadir,Mouloudia d'Oujda,00:01,False,2,False,False,7171.812144165718,2020-11-10,20:00,60,27.2,402840,botola_2019_2020_matches.csv,moyenne,6714,15.769155989810285,2020.0,11.0,1.0,0,Grand,0,False,False
Botola Pro,2019/2020,Stade Prince Moulay Hassan,Rabat,22000,FUS Rabat,Wydad Casablanca,01:02,False,2,False,True,2803.1792154496598,2020-11-10,20:00,60,20.2,144000,botola_2019_2020_matches.csv,moyenne,2400,12.741723706589362,2020.0,11.0,1.0,0,Moyen,0,False,False
Botola Pro,2019/2020,Stade Mohamed V,Casablanca,67000,Club Athletic Youssoufia Berrechid,Difaâ El Jadida,01:00,False,2,False,False,21887.11631820985,2020-10-10,16:00,60,20.3,1200000,botola_2019_2020_matches.csv,moyenne,20000,32.667337788372905,2020.0,10.0,5.0,1,,0,False,False
Botola Pro,2019/2020,Stade Municipale de Oued Zem,Oued Zem,8000,Rapide Oued Zem,Ittihad Tanger,05:03,False,2,False,False,5301.680854495356,2020-10-10,18:00,60,23.7,303780,botola_2019_2020_matches.csv,moyenne,5063,66.27101068119194,2020.0,10.0,5.0,1,Moyen,0,False,False
Botola Pro,2019/2020,Stade Municipal de Berkane,Berkane,15000,Renaissance Zemamra,Raja Beni Mellal,01:01,False,2,False,False,7290.4184065689815,2020-10-10,20:00,60,20.4,386280,botola_2019_2020_matches.csv,moyenne,6438,48.60278937712654,2020.0,10.0,5.0,1,Moyen,0,False,False
Botola Pro,2019/2020,Stade Saniat-Rmel,Tetouan,15000,Moghreb Atlético Tétouan,Olympique Khouribga,02:01,False,2,False,False,9175.176716804359,2020-10-10,20:00,60,20.1,525000,botola_2019_2020_matches.csv,moyenne,8750,61.167844778695724,2020.0,10.0,5.0,1,Moyen,0,False,False
Botola Pro,2019/2020,Stade Mohamed V,Casablanca,67000,Raja Club Athletic,AS FAR Rabat,02:01,False,2,False,True,24678.247301197378,2020-11-10,20:00,60,20.8,1200000,botola_2019_2020_matches.csv,moyenne,20000,36.83320492716027,2020.0,11.0,1.0,0,,0,False,False
Botola Pro,2019/2020,Complexe Sportif du Phosphate,Khouribga,15000,Olympique Safi,Renaissance de Berkane,00:01,False,2,False,False,7051.5073304787,2020-11-10,20:00,60,23.3,386280,botola_2019_2020_matches.csv,moyenne,6438,47.010048869858004,2020.0,11.0,1.0,0,Moyen,0,False,False
Botola Pro,2019/2020,Stade Adrar,Agadir,45480,Hassania d'Agadir,Mouloudia d'Oujda,00:01,False,2,False,False,6970.972646629748,2020-11-10,20:00,60,27.2,402840,botola_2019_2020_matches.csv,moyenne,6714,15.32755639100648,2020.0,11.0,1.0,0,Grand,0,False,False
Botola Pro,2019/2020,Stade Prince Moulay Hassan,Rabat,22000,FUS Rabat,Wydad Casablanca,01:02,False,2,False,True,2986.7097194058815,2020-11-10,20:00,60,20.2,144000,botola_2019_2020_matches.csv,moyenne,2400,13.575953270026734,2020.0,11.0,1.0,0,Moyen,0,False,False
Botola Pro,2019/2020,Stade Mohamed V,Casablanca,67000,Club Athletic Youssoufia Berrechid,Difaâ El Jadida,01:00,False,3,True,False,23783.79315529113,2020-10-10,16:00,60,20.3,1200000,botola_2019_2020_matches.csv,moyenne,20000,35.498198739240486,2020.0,10.0,5.0,1,,0,False,False
Botola Pro,2019/2020,Stade Municipale de Oued Zem,Oued Zem,8000,Rapide Oued Zem,Ittihad Tanger,05:03,False,3,True,False,6066.0548730792725,2020-10-10,18:00,60,23.7,303780,botola_2019_2020_matches.csv,moyenne,5063,75.8256859134909,2020.0,10.0,5.0,1,Moyen,0,False,False
Botola Pro,2019/2020,Stade Municipal de Berkane,Berkane,15000,Renaissance Zemamra,Raja Beni Mellal,01:01,False,3,True,False,7489.987012593602,2020-10-10,20:00,60,20.4,386280,botola_2019_2020_matches.csv,moyenne,6438,49.933246750624015,2020.0,10.0,5.0,1,Moyen,0,False,False
Botola Pro,2019/2020,Stade Saniat-Rmel,Tetouan,15000,Moghreb Atlético Tétouan,Olympique Khouribga,02:01,False,3,True,False,10407.166143976576,2020-10-10,20:00,60,20.1,525000,botola_2019_2020_matches.csv,moyenne,8750,69.38110762651051,2020.0,10.0,5.0,1,Moyen,0,False,False
Botola Pro,2019/2020,Stade Mohamed V,Casablanca,67000,Raja Club Athletic,AS FAR Rabat,02:01,False,3,True,True,26613.45008165218,2020-11-10,20:00,60,20.8,1200000,botola_2019_2020_matches.csv,moyenne,20000,39.72156728604803,2020.0,11.0,1.0,0,,0,False,False
Botola Pro,2019/2020,Complexe Sportif du Phosphate,Khouribga,15000,Olympique Safi,Renaissance de Berkane,00:01,False,3,True,False,7430.462000930528,2020-11-10,20:00,60,23.3,386280,botola_2019_2020_matches.csv,moyenne,6438,49.53641333953686,2020.0,11.0,1.0,0,Moyen,0,False,False
Botola Pro,2019/2020,Stade Adrar,Agadir,45480,Hassania d'Agadir,Mouloudia d'Oujda,00:01,False,3,True,False,7712.204830154125,2020-11-10,20:00,60,27.2,402840,botola_2019_2020_matches.csv,moyenne,6714,16.9573545078147,2020.0,11.0,1.0,0,Grand,0,False,False
Botola Pro,2019/2020,Stade Prince Moulay Hassan,Rabat,22000,FUS Rabat,Wydad Casablanca,01:02,False,3,True,True,3221.8438314421824,2020-11-10,20:00,60,20.2,144000,botola_2019_2020_matches.csv,moyenne,2400,14.644744688373557,2020.0,11.0,1.0,0,Moyen,0,False,False
Botola Pro,2019/2020,Stade Mohamed V,Casablanca,67000,Club Athletic Youssoufia Berrechid,Difaâ El Jadida,01:00,False,3,True,False,22417.41411686191,2020-10-10,16:00,60,20.3,1200000,botola_2019_2020_matches.csv,moyenne,20000,33.4588270400924,2020.0,10.0,5.0,1,,0,False,False
Botola Pro,2019/2020,Stade Municipale de Oued Zem,Oued Zem,8000,Rapide Oued Zem,Ittihad Tanger,05:03,False,3,True,False,5583.589758082786,2020-10-10,18:00,60,23.7,303780,botola_2019_2020_matches.csv,moyenne,5063,69.79487197603483,2020.0,10.0,5.0,1,Moyen,0,False,False
Botola Pro,2019/2020,Stade Municipal de Berkane,Berkane,15000,Renaissance Zemamra,Raja Beni Mellal,01:01,False,3,True,False,7796.604440895646,2020-10-10,20:00,60,20.4,386280,botola_2019_2020_matches.csv,moyenne,6438,51.97736293930431,2020.0,10.0,5.0,1,Moyen,0,False,False
Botola Pro,2019/2020,Stade Saniat-Rmel,Tetouan,15000,Moghreb Atlético Tétouan,Olympique Khouribga,02:01,False,3,True,False,10998.181909500801,2020-10-10,20:00,60,20.1,525000,botola_2019_2020_matches.csv,moyenne,8750,73.32121273000534,2020.0,10.0,5.0,1,Moyen,0,False,False
Botola Pro,2019/2020,Stade Mohamed V,Casablanca,67000,Raja Club Athletic,AS FAR Rabat,02:01,False,3,True,True,25784.866933525835,2020-11-10,20:00,60,20.8,1200000,botola_2019_2020_matches.csv,moyenne,20000,38.48487602018781,2020.0,11.0,1.0,0,,0,False,False
Botola Pro,2019/2020,Complexe Sportif du Phosphate,Khouribga,15000,Olympique Safi,Renaissance de Berkane,00:01,False,3,True,False,7346.750262295709,2020-11-10,20:00,60,23.3,386280,botola_2019_2020_matches.csv,moyenne,6438,48.978335081971395,2020.0,11.0,1.0,0,Moyen,0,False,False
Botola Pro,2019/2020,Stade Adrar,Agadir,45480,Hassania d'Agadir,Mouloudia d'Oujda,00:01,False,3,True,False,7549.860386557837,2020-11-10,20:00,60,27.2,402840,botola_2019_2020_matches.csv,moyenne,6714,16.600396628315384,2020.0,11.0,1.0,0,Grand,0,False,False
Botola Pro,2019/2020,Stade Prince Moulay Hassan,Rabat,22000,FUS Rabat,Wydad Casablanca,01:02,False,3,True,True,3021.7292559414705,2020-11-10,20:00,60,20.2,144000,botola_2019_2020_matches.csv,moyenne,2400,13.73513298155214,2020.0,11.0,1.0,0,Moyen,0,False,False
Botola Pro,2019/2020,Stade Mohamed V,Casablanca,67000,Club Athletic Youssoufia Berrechid,Difaâ El Jadida,01:00,False,3,True,False,22275.30186293909,2020-10-10,16:00,60,20.3,1200000,botola_2019_2020_matches.csv,moyenne,20000,33.24671919841655,2020.0,10.0,5.0,1,,0,False,False
Botola Pro,2019/2020,Stade Municipale de Oued Zem,Oued Zem,8000,Rapide Oued Zem,Ittihad Tanger,05:03,False,3,True,False,5709.05636088211,2020-10-10,18:00,60,23.7,303780,botola_2019_2020_matches.csv,moyenne,5063,71.36320451102638,2020.0,10.0,5.0,1,Moyen,0,False,False
Botola Pro,2019/2020,Stade Municipal de Berkane,Berkane,15000,Renaissance Zemamra,Raja Beni Mellal,01:01,False,3,True,False,7461.806492830537,2020-10-10,20:00,60,20.4,386280,botola_2019_2020_matches.csv,moyenne,6438,49.745376618870246,2020.0,10.0,5.0,1,Moyen,0,False,False
Botola Pro,2019/2020,Stade Saniat-Rmel,Tetouan,15000,Moghreb Atlético Tétouan,Olympique Khouribga,02:01,False,3,True,False,10276.688091887743,2020-10-10,20:00,60,20.1,525000,botola_2019_2020_matches.csv,moyenne,8750,68.5112539459183,2020.0,10.0,5.0,1,Moyen,0,False,False
Botola Pro,2019/2020,Stade Mohamed V,Casablanca,67000,Raja Club Athletic,AS FAR Rabat,02:01,False,3,True,True,26479.146958094756,2020-11-10,20:00,60,20.8,1200000,botola_2019_2020_matches.csv,moyenne,20000,39.52111486282799,2020.0,11.0,1.0,0,,0,False,False
Botola Pro,2019/2020,Complexe Sportif du Phosphate,Khouribga,15000,Olympique Safi,Renaissance de Berkane,00:01,False,3,True,False,7897.686439132151,2020-11-10,20:00,60,23.3,386280,botola_2019_2020_matches.csv,moyenne,6438,52.65124292754767,2020.0,11.0,1.0,0,Moyen,0,False,False
Botola Pro,2019/2020,Stade Adrar,Agadir,45480,Hassania d'Agadir,Mouloudia d'Oujda,00:01,False,3,True,False,7765.612188803299,2020-11-10,20:00,60,27.2,402840,botola_2019_2020_matches.csv,moyenne,6714,17.07478493580321,2020.0,11.0,1.0,0,Grand,0,False,False
Botola Pro,2019/2020,Stade Prince Moulay Hassan,Rabat,22000,FUS Rabat,Wydad Casablanca,01:02,False,3,True,True,3236.4663782426896,2020-11-10,20:00,60,20.2,144000,botola_2019_2020_matches.csv,moyenne,2400,14.711210810194045,2020.0,11.0,1.0,0,Moyen,0,False,False
Botola Pro,2019/2020,Stade Mohamed V,Casablanca,67000,Club Athletic Youssoufia Berrechid,Difaâ El Jadida,01:00,False,3,True,False,21979.91222281521,2020-10-10,16:00,60,20.3,1200000,botola_2019_2020_matches.csv,moyenne,20000,32.80583913853016,2020.0,10.0,5.0,1,,0,False,False
Botola Pro,2019/2020,Stade Municipale de Oued Zem,Oued Zem,8000,Rapide Oued Zem,Ittihad Tanger,05:03,False,3,True,False,6082.815879724693,2020-10-10,18:00,60,23.7,303780,botola_2019_2020_matches.csv,moyenne,5063,76.03519849655866,2020.0,10.0,5.0,1,Moyen,0,False,False
Botola Pro,2019/2020,Stade Municipal de Berkane,Berkane,15000,Renaissance Zemamra,Raja Beni Mellal,01:01,False,3,True,False,7933.335152915094,2020-10-10,20:00,60,20.4,386280,botola_2019_2020_matches.csv,moyenne,6438,52.888901019433966,2020.0,10.0,5.0,1,Moyen,0,False,False
Botola Pro,2019/2020,Stade Saniat-Rmel,Tetouan,15000,Moghreb Atlético Tétouan,Olympique Khouribga,02:01,False,3,True,False,10280.828422125987,2020-10-10,20:00,60,20.1,525000,botola_2019_2020_matches.csv,moyenne,8750,68.53885614750658,2020.0,10.0,5.0,1,Moyen,0,False,False
Botola Pro,2019/2020,Stade Mohamed V,Casablanca,67000,Raja Club Athletic,AS FAR Rabat,02:01,False,3,True,True,25042.648368831447,2020-11-10,20:00,60,20.8,1200000,botola_2019_2020_matches.csv,moyenne,20000,37.377087117658874,2020.0,11.0,1.0,0,,0,False,False
Botola Pro,2019/2020,Complexe Sportif du Phosphate,Khouribga,15000,Olympique Safi,Renaissance de Berkane,00:01,False,3,True,False,7877.346680053196,2020-11-10,20:00,60,23.3,386280,botola_2019_2020_matches.csv,moyenne,6438,52.515644533687976,2020.0,11.0,1.0,0,Moyen,0,False,False
Botola Pro,2019/2020,Stade Adrar,Agadir,45480,Hassania d'Agadir,Mouloudia d'Oujda,00:01,False,3,True,False,7549.20050360792,2020-11-10,20:00,60,27.2,402840,botola_2019_2020_matches.csv,moyenne,6714,16.598945698346352,2020.0,11.0,1.0,0,Grand,0,False,False
Botola Pro,2019/2020,Stade Prince Moulay Hassan,Rabat,22000,FUS Rabat,Wydad Casablanca,01:02,False,3,True,True,2994.0446646350583,2020-11-10,20:00,60,20.2,144000,botola_2019_2020_matches.csv,moyenne,2400,13.609293930159355,2020.0,11.0,1.0,0,Moyen,0,False,False
Botola Pro,2019/2020,Stade Mohamed V,Casablanca,67000,Club Athletic Youssoufia Berrechid,Difaâ El Jadida,01:00,False,3,True,False,22422.983320204596,2020-10-10,16:00,60,20.3,1200000,botola_2019_2020_matches.csv,moyenne,20000,33.467139283887455,2020.0,10.0,5.0,1,,0,False,False
Botola Pro,2019/2020,Stade Municipale de Oued Zem,Oued Zem,8000,Rapide Oued Zem,Ittihad Tanger,05:03,False,3,True,False,5539.813010527962,2020-10-10,18:00,60,23.7,303780,botola_2019_2020_matches.csv,moyenne,5063,69.24766263159952,2020.0,10.0,5.0,1,Moyen,0,False,False
Botola Pro,2019/2020,Stade Municipal de Berkane,Berkane,15000,Renaissance Zemamra,Raja Beni Mellal,01:01,False,3,True,False,7471.369532184476,2020-10-10,20:00,60,20.4,386280,botola_2019_2020_matches.csv,moyenne,6438,49.809130214563176,2020.0,10.0,5.0,1,Moyen,0,False,False
Botola Pro,2019/2020,Stade Saniat-Rmel,Tetouan,15000,Moghreb Atlético Tétouan,Olympique Khouribga,02:01,False,3,True,False,10997.726144986036,2020-10-10,20:00,60,20.1,525000,botola_2019_2020_matches.csv,moyenne,8750,73.31817429990691,2020.0,10.0,5.0,1,Moyen,0,False,False
Botola Pro,2019/2020,Stade Mohamed V,Casablanca,67000,Raja Club Athletic,AS FAR Rabat,02:01,False,3,True,True,26429.70588679458,2020-11-10,20:00,60,20.8,1200000,botola_2019_2020_matches.csv,moyenne,20000,39.44732221909639,2020.0,11.0,1.0,0,,0,False,False
Botola Pro,2019/2020,Complexe Sportif du Phosphate,Khouribga,15000,Olympique Safi,Renaissance de Berkane,00:01,False,3,True,False,7340.272258861395,2020-11-10,20:00,60,23.3,386280,botola_2019_2020_matches.csv,moyenne,6438,48.9351483924093,2020.0,11.0,1.0,0,Moyen,0,False,False
Botola Pro,2019/2020,Stade Adrar,Agadir,45480,Hassania d'Agadir,Mouloudia d'Oujda,00:01,False,3,True,False,7744.431785215474,2020-11-10,20:00,60,27.2,402840,botola_2019_2020_matches.csv,moyenne,6714,17.028214127562606,2020.0,11.0,1.0,0,Grand,0,False,False
Botola Pro,2019/2020,Stade Prince Moulay Hassan,Rabat,22000,FUS Rabat,Wydad Casablanca,01:02,False,3,True,True,3169.326689327849,2020-11-10,20:00,60,20.2,144000,botola_2019_2020_matches.csv,moyenne,2400,14.406030406035677,2020.0,11.0,1.0,0,Moyen,0,False,False
Botola Pro,2019/2020,Stade Mohamed V,Casablanca,67000,Club Athletic Youssoufia Berrechid,Difaâ El Jadida,01:00,False,3,True,False,23066.322792429044,2020-10-10,16:00,60,20.3,1200000,botola_2019_2020_matches.csv,moyenne,20000,34.42734745138663,2020.0,10.0,5.0,1,,0,False,False
Botola Pro,2019/2020,Stade Municipale de Oued Zem,Oued Zem,8000,Rapide Oued Zem,Ittihad Tanger,05:03,False,3,True,False,5777.876090037378,2020-10-10,18:00,60,23.7,303780,botola_2019_2020_matches.csv,moyenne,5063,72.22345112546724,2020.0,10.0,5.0,1,Moyen,0,False,False
Botola Pro,2019/2020,Stade Municipal de Berkane,Berkane,15000,Renaissance Zemamra,Raja Beni Mellal,01:01,False,3,True,False,7859.895193388729,2020-10-10,20:00,60,20.4,386280,botola_2019_2020_matches.csv,moyenne,6438,52.39930128925819,2020.0,10.0,5.0,1,Moyen,0,False,False
Botola Pro,2019/2020,Stade Saniat-Rmel,Tetouan,15000,Moghreb Atlético Tétouan,Olympique Khouribga,02:01,False,3,True,False,10137.410181636053,2020-10-10,20:00,60,20.1,525000,botola_2019_2020_matches.csv,moyenne,8750,67.58273454424035,2020.0,10.0,5.0,1,Moyen,0,False,False
Botola Pro,2019/2020,Stade Mohamed V,Casablanca,67000,Raja Club Athletic,AS FAR Rabat,02:01,False,3,True,True,26734.868306774126,2020-11-10,20:00,60,20.8,1200000,botola_2019_2020_matches.csv,moyenne,20000,39.90278851757332,2020.0,11.0,1.0,0,,0,False,False
Botola Pro,2019/2020,Complexe Sportif du Phosphate,Khouribga,15000,Olympique Safi,Renaissance de Berkane,00:01,False,3,True,False,7482.227076956718,2020-11-10,20:00,60,23.3,386280,botola_2019_2020_matches.csv,moyenne,6438,49.88151384637812,2020.0,11.0,1.0,0,Moyen,0,False,False
Botola Pro,2019/2020,Stade Adrar,Agadir,45480,Hassania d'Agadir,Mouloudia d'Oujda,00:01,False,3,True,False,7654.608376600594,2020-11-10,20:00,60,27.2,402840,botola_2019_2020_matches.csv,moyenne,6714,16.830713229113,2020.0,11.0,1.0,0,Grand,0,False,False
Botola Pro,2019/2020,Stade Prince Moulay Hassan,Rabat,22000,FUS Rabat,Wydad Casablanca,01:02,False,3,True,True,3088.9689334298932,2020-11-10,20:00,60,20.2,144000,botola_2019_2020_matches.csv,moyenne,2400,14.040767879226786,2020.0,11.0,1.0,0,Moyen,0,False,False
Botola Pro,2019/2020,Stade Mohamed V,Casablanca,67000,Club Athletic Youssoufia Berrechid,Difaâ El Jadida,01:00,False,3,True,False,22469.907739128193,2020-10-10,16:00,60,20.3,1200000,botola_2019_2020_matches.csv,moyenne,20000,33.53717573004208,2020.0,10.0,5.0,1,,0,False,False
Botola Pro,2019/2020,Stade Municipale de Oued Zem,Oued Zem,8000,Rapide Oued Zem,Ittihad Tanger,05:03,False,3,True,False,5780.92159205618,2020-10-10,18:00,60,23.7,303780,botola_2019_2020_matches.csv,moyenne,5063,72.26151990070225,2020.0,10.0,5.0,1,Moyen,0,False,False
Botola Pro,2019/2020,Stade Municipal de Berkane,Berkane,15000,Renaissance Zemamra,Raja Beni Mellal,01:01,False,3,True,False,7736.622601824181,2020-10-10,20:00,60,20.4,386280,botola_2019_2020_matches.csv,moyenne,6438,51.577484012161214,2020.0,10.0,5.0,1,Moyen,0,False,False
Botola Pro,2019/2020,Stade Saniat-Rmel,Tetouan,15000,Moghreb Atlético Tétouan,Olympique Khouribga,02:01,False,3,True,False,10128.867352226433,2020-10-10,20:00,60,20.1,525000,botola_2019_2020_matches.csv,moyenne,8750,67.52578234817622,2020.0,10.0,5.0,1,Moyen,0,False,False
Botola Pro,2019/2020,Stade Mohamed V,Casablanca,67000,Raja Club Athletic,AS FAR Rabat,02:01,False,3,True,True,25823.62460674374,2020-11-10,20:00,60,20.8,1200000,botola_2019_2020_matches.csv,moyenne,20000,38.54272329364737,2020.0,11.0,1.0,0,,0,False,False
Botola Pro,2019/2020,Complexe Sportif du Phosphate,Khouribga,15000,Olympique Safi,Renaissance de Berkane,00:01,False,3,True,False,7492.396735240069,2020-11-10,20:00,60,23.3,386280,botola_2019_2020_matches.csv,moyenne,6438,49.94931156826713,2020.0,11.0,1.0,0,Moyen,0,False,False
Botola Pro,2019/2020,Stade Adrar,Agadir,45480,Hassania d'Agadir,Mouloudia d'Oujda,00:01,False,3,True,False,7495.583281280067,2020-11-10,20:00,60,27.2,402840,botola_2019_2020_matches.csv,moyenne,6714,16.481053828672092,2020.0,11.0,1.0,0,Grand,0,False,False
Botola Pro,2019/2020,Stade Prince Moulay Hassan,Rabat,22000,FUS Rabat,Wydad Casablanca,01:02,False,3,True,True,3239.391389879313,2020-11-10,20:00,60,20.2,144000,botola_2019_2020_matches.csv,moyenne,2400,14.72450631763324,2020.0,11.0,1.0,0,Moyen,0,False,False
Botola Pro,2019/2020,Stade Mohamed V,Casablanca,67000,Club Athletic Youssoufia Berrechid,Difaâ El Jadida,01:00,False,3,True,False,23145.315625013278,2020-10-10,16:00,60,20.3,1200000,botola_2019_2020_matches.csv,moyenne,20000,34.54524720151235,2020.0,10.0,5.0,1,,0,False,False
Botola Pro,2019/2020,Stade Municipale de Oued Zem,Oued Zem,8000,Rapide Oued Zem,Ittihad Tanger,05:03,False,3,True,False,5672.885226912941,2020-10-10,18:00,60,23.7,303780,botola_2019_2020_matches.csv,moyenne,5063,70.91106533641177,2020.0,10.0,5.0,1,Moyen,0,False,False
Botola Pro,2019/2020,Stade Municipal de Berkane,Berkane,15000,Renaissance Zemamra,Raja Beni Mellal,01:01,False,3,True,False,7941.4962142353415,2020-10-10,20:00,60,20.4,386280,botola_2019_2020_matches.csv,moyenne,6438,52.94330809490228,2020.0,10.0,5.0,1,Moyen,0,False,False
Botola Pro,2019/2020,Stade Saniat-Rmel,Tetouan,15000,Moghreb Atlético Tétouan,Olympique Khouribga,02:01,False,3,True,False,10518.443601473236,2020-10-10,20:00,60,20.1,525000,botola_2019_2020_matches.csv,moyenne,8750,70.12295734315491,2020.0,10.0,5.0,1,Moyen,0,False,False
Botola Pro,2019/2020,Stade Mohamed V,Casablanca,67000,Raja Club Athletic,AS FAR Rabat,02:01,False,3,True,True,25819.048380281194,2020-11-10,20:00,60,20.8,1200000,botola_2019_2020_matches.csv,moyenne,20000,38.535893104897305,2020.0,11.0,1.0,0,,0,False,False
Botola Pro,2019/2020,Complexe Sportif du Phosphate,Khouribga,15000,Olympique Safi,Renaissance de Berkane,00:01,False,3,True,False,8097.214849366582,2020-11-10,20:00,60,23.3,386280,botola_2019_2020_matches.csv,moyenne,6438,53.98143232911055,2020.0,11.0,1.0,0,Moyen,0,False,False
Botola Pro,2019/2020,Stade Adrar,Agadir,45480,Hassania d'Agadir,Mouloudia d'Oujda,00:01,False,3,True,False,7358.278175132362,2020-11-10,20:00,60,27.2,402840,botola_2019_2020_matches.csv,moyenne,6714,16.179151660361395,2020.0,11.0,1.0,0,Grand,0,False,False
Botola Pro,2019/2020,Stade Prince Moulay Hassan,Rabat,22000,FUS Rabat,Wydad Casablanca,01:02,False,3,True,True,3121.387381682765,2020-11-10,20:00,60,20.2,144000,botola_2019_2020_matches.csv,moyenne,2400,14.188124462194388,2020.0,11.0,1.0,0,Moyen,0,False,False
Botola Pro,2019/2020,Stade Mohamed V,Casablanca,67000,Club Athletic Youssoufia Berrechid,Difaâ El Jadida,01:00,False,3,True,False,22518.230766785706,2020-10-10,16:00,60,20.3,1200000,botola_2019_2020_matches.csv,moyenne,20000,33.60929965191896,2020.0,10.0,5.0,1,,0,False,False
Botola Pro,2019/2020,Stade Municipale de Oued Zem,Oued Zem,8000,Rapide Oued Zem,Ittihad Tanger,05:03,False,3,True,False,5583.156964483457,2020-10-10,18:00,60,23.7,303780,botola_2019_2020_matches.csv,moyenne,5063,69.78946205604322,2020.0,10.0,5.0,1,Moyen,0,False,False
Botola Pro,2019/2020,Stade Municipal de Berkane,Berkane,15000,Renaissance Zemamra,Raja Beni Mellal,01:01,False,3,True,False,7586.9105417323035,2020-10-10,20:00,60,20.4,386280,botola_2019_2020_matches.csv,moyenne,6438,50.57940361154869,2020.0,10.0,5.0,1,Moyen,0,False,False
Botola Pro,2019/2020,Stade Saniat-Rmel,Tetouan,15000,Moghreb Atlético Tétouan,Olympique Khouribga,02:01,False,3,True,False,10608.024599980594,2020-10-10,20:00,60,20.1,525000,botola_2019_2020_matches.csv,moyenne,8750,70.72016399987062,2020.0,10.0,5.0,1,Moyen,0,False,False
Botola Pro,2019/2020,Stade Mohamed V,Casablanca,67000,Raja Club Athletic,AS FAR Rabat,02:01,False,3,True,True,24708.82612767633,2020-11-10,20:00,60,20.8,1200000,botola_2019_2020_matches.csv,moyenne,20000,36.87884496668109,2020.0,11.0,1.0,0,,0,False,False
Botola Pro,2019/2020,Complexe Sportif du Phosphate,Khouribga,15000,Olympique Safi,Renaissance de Berkane,00:01,False,3,True,False,7428.145166953302,2020-11-10,20:00,60,23.3,386280,botola_2019_2020_matches.csv,moyenne,6438,49.52096777968868,2020.0,11.0,1.0,0,Moyen,0,False,False
Botola Pro,2019/2020,Stade Adrar,Agadir,45480,Hassania d'Agadir,Mouloudia d'Oujda,00:01,False,3,True,False,7988.167116194235,2020-11-10,20:00,60,27.2,402840,botola_2019_2020_matches.csv,moyenne,6714,17.56413174185188,2020.0,11.0,1.0,0,Grand,0,False,False
Botola Pro,2019/2020,Stade Prince Moulay Hassan,Rabat,22000,FUS Rabat,Wydad Casablanca,01:02,False,3,True,True,3167.868440022868,2020-11-10,20:00,60,20.2,144000,botola_2019_2020_matches.csv,moyenne,2400,14.399402000103944,2020.0,11.0,1.0,0,Moyen,0,False,False
Botola Pro,2019/2020,Stade Mohamed V,Casablanca,67000,Club Athletic Youssoufia Berrechid,Difaâ El Jadida,01:00,False,3,True,False,23715.673543605888,2020-10-10,16:00,60,20.3,1200000,botola_2019_2020_matches.csv,moyenne,20000,35.39652767702371,2020.0,10.0,5.0,1,,0,False,False
Botola Pro,2019/2020,Stade Municipale de Oued Zem,Oued Zem,8000,Rapide Oued Zem,Ittihad Tanger,05:03,False,3,True,False,5853.226930755004,2020-10-10,18:00,60,23.7,303780,botola_2019_2020_matches.csv,moyenne,5063,73.16533663443755,2020.0,10.0,5.0,1,Moyen,0,False,False
Botola Pro,2019/2020,Stade Municipal de Berkane,Berkane,15000,Renaissance Zemamra,Raja Beni Mellal,01:01,False,3,True,False,7617.375381861089,2020-10-10,20:00,60,20.4,386280,botola_2019_2020_matches.csv,moyenne,6438,50.78250254574059,2020.0,10.0,5.0,1,Moyen,0,False,False
Botola Pro,2019/2020,Stade Saniat-Rmel,Tetouan,15000,Moghreb Atlético Tétouan,Olympique Khouribga,02:01,False,3,True,False,10579.925830010214,2020-10-10,20:00,60,20.1,525000,botola_2019_2020_matches.csv,moyenne,8750,70.53283886673476,2020.0,10.0,5.0,1,Moyen,0,False,False
Botola Pro,2019/2020,Stade Mohamed V,Casablanca,67000,Raja Club Athletic,AS FAR Rabat,02:01,False,3,True,True,25158.13484440901,2020-11-10,20:00,60,20.8,1200000,botola_2019_2020_matches.csv,moyenne,20000,37.54945499165524,2020.0,11.0,1.0,0,,0,False,False
Botola Pro,2019/2020,Complexe Sportif du Phosphate,Khouribga,15000,Olympique Safi,Renaissance de Berkane,00:01,False,3,True,False,7799.318940710641,2020-11-10,20:00,60,23.3,386280,botola_2019_2020_matches.csv,moyenne,6438,51.995459604737604,2020.0,11.0,1.0,0,Moyen,0,False,False
Botola Pro,2019/2020,Stade Adrar,Agadir,45480,Hassania d'Agadir,Mouloudia d'Oujda,00:01,False,3,True,False,8065.877262077997,2020-11-10,20:00,60,27.2,402840,botola_2019_2020_matches.csv,moyenne,6714,17.734998377480203,2020.0,11.0,1.0,0,Grand,0,False,False
Botola Pro,2019/2020,Stade Prince Moulay Hassan,Rabat,22000,FUS Rabat,Wydad Casablanca,01:02,False,3,True,True,3034.704243699902,2020-11-10,20:00,60,20.2,144000,botola_2019_2020_matches.csv,moyenne,2400,13.794110198635916,2020.0,11.0,1.0,0,Moyen,0,False,False
CAN,2023,Alassane Ouattara Stadium,Abidjan,60000,Ivory Coast,Guinea-Bissau,2–0,False,1,False,True,36858.0,,20:00,164,26.5,6044712,can2023_matches_enrichis.csv,reelle,36858,61.42999999999999,,,,0,Grand,0,False,False
CAN,2023,Alassane Ouattara Stadium,Abidjan,60000,Nigeria,Equatorial Guinea,1–1,False,1,False,True,8500.0,,14:00,164,26.1,1394000,can2023_matches_enrichis.csv,reelle,8500,14.166666666666666,,,,0,Grand,0,False,False
CAN,2023,Alassane Ouattara Stadium,Abidjan,60000,Equatorial Guinea,Guinea-Bissau,4–2,False,1,False,False,13888.0,,14:00,164,26.6,2277632,can2023_matches_enrichis.csv,reelle,13888,23.146666666666665,,,,0,Grand,0,False,False
CAN,2023,Alassane Ouattara Stadium,Abidjan,60000,Ivory Coast,Nigeria,0–1,False,1,True,True,49517.0,,17:00,164,26.6,8120788,can2023_matches_enrichis.csv,reelle,49517,82.52833333333334,,,,0,Grand,0,True,False
CAN,2023,Alassane Ouattara Stadium,Abidjan,60000,Equatorial Guinea,Ivory Coast,4–0,False,1,False,False,42550.0,,17:00,164,27.4,6978200,can2023_matches_enrichis.csv,reelle,42550,70.91666666666666,,,,0,Grand,0,False,False
CAN,2023,Felix Houphouet Boigny Stadium,Abidjan,33000,Guinea-Bissau,Nigeria,0–1,False,1,False,False,15650.0,,17:00,164,27.3,2566600,can2023_matches_enrichis.csv,reelle,15650,47.42424242424242,,,,0,Grand,0,False,False
CAN,2023,Felix Houphouet Boigny Stadium,Abidjan,33000,Egypt,Mozambique,2–2,False,1,False,True,11933.0,,17:00,164,26.3,1957012,can2023_matches_enrichis.csv,reelle,11933,36.16060606060606,,,,0,Grand,0,False,False
CAN,2023,Felix Houphouet Boigny Stadium,Abidjan,33000,Ghana,Cape Verde,1–2,False,1,False,True,11943.0,,20:00,164,26.3,1958652,can2023_matches_enrichis.csv,reelle,11943,36.19090909090909,,,,0,Grand,0,False,False
CAN,2023,Felix Houphouet Boigny Stadium,Abidjan,33000,Egypt,Ghana,2–2,False,1,False,True,20808.0,,20:00,164,26.8,3412512,can2023_matches_enrichis.csv,reelle,20808,63.054545454545455,,,,0,Grand,0,False,False
CAN,2023,Felix Houphouet Boigny Stadium,Abidjan,33000,Cape Verde,Mozambique,3–0,False,1,False,False,5794.0,,14:00,164,26.0,950216,can2023_matches_enrichis.csv,reelle,5794,17.55757575757576,,,,0,Grand,0,False,False
CAN,2023,Alassane Ouattara Stadium,Abidjan,60000,Mozambique,Ghana,2–2,False,1,False,False,6000.0,,20:00,164,27.4,984000,can2023_matches_enrichis.csv,reelle,6000,10.0,,,,0,Grand,0,False,False
CAN,2023,Felix Houphouet Boigny Stadium,Abidjan,33000,Cape Verde,Egypt,2–2,False,1,False,False,15650.0,,20:00,164,27.3,2566600,can2023_matches_enrichis.csv,reelle,15650,47.42424242424242,,,,0,Grand,0,False,False
CAN,2023,Charles Konan Banny Stadium,Yamoussoukro,20000,Senegal,Gambia,3–0,False,1,False,True,7896.0,,14:00,164,27.0,1294944,can2023_matches_enrichis.csv,reelle,7896,39.48,,,,0,Moyen,0,False,False
CAN,2023,Charles Konan Banny Stadium,Yamoussoukro,20000,Cameroon,Guinea,1–1,False,1,False,True,11271.0,,17:00,164,27.0,1848444,can2023_matches_enrichis.csv,reelle,11271,56.355,,,,0,Moyen,0,False,False
CAN,2023,Charles Konan Banny Stadium,Yamoussoukro,20000,Senegal,Cameroon,3–1,False,1,True,True,19176.0,,17:00,164,27.5,3144864,can2023_matches_enrichis.csv,reelle,19176,95.88,,,,0,Moyen,0,False,False
CAN,2023,Charles Konan Banny Stadium,Yamoussoukro,20000,Guinea,Gambia,1–0,False,1,True,False,19822.0,,20:00,164,27.5,3250808,can2023_matches_enrichis.csv,reelle,19822,99.11,,,,0,Moyen,0,False,False
CAN,2023,Charles Konan Banny Stadium,Yamoussoukro,20000,Guinea,Senegal,0–2,False,1,False,False,15753.0,,17:00,164,28.5,2583492,can2023_matches_enrichis.csv,reelle,15753,78.765,,,,0,Moyen,0,False,False
CAN,2023,Stade de la Paix,Bouaké,40000,Gambia,Cameroon,2–3,False,1,False,False,24172.0,,17:00,164,27.2,3964208,can2023_matches_enrichis.csv,reelle,24172,60.42999999999999,,,,0,Grand,0,False,False
CAN,2023,Stade de la Paix,Bouaké,40000,Algeria,Angola,1–1,False,1,False,True,19740.0,,20:00,164,26.5,3237360,can2023_matches_enrichis.csv,reelle,19740,49.35,,,,0,Grand,0,False,False
CAN,2023,Stade de la Paix,Bouaké,40000,Burkina Faso,Mauritania,1–0,False,1,False,False,27898.0,,14:00,164,27.2,4575272,can2023_matches_enrichis.csv,reelle,27898,69.745,,,,0,Grand,0,False,False
CAN,2023,Stade de la Paix,Bouaké,40000,Algeria,Burkina Faso,2–2,False,1,True,True,33501.0,,14:00,164,27.8,5494164,can2023_matches_enrichis.csv,reelle,33501,83.7525,,,,0,Grand,0,False,False
CAN,2023,Stade de la Paix,Bouaké,40000,Mauritania,Angola,2–3,False,1,True,False,36318.0,,17:00,164,27.8,5956152,can2023_matches_enrichis.csv,reelle,36318,90.795,,,,0,Grand,0,False,False
CAN,2023,Charles Konan Banny Stadium,Yamoussoukro,20000,Angola,Burkina Faso,2–0,False,1,False,False,15753.0,,20:00,164,28.5,2583492,can2023_matches_enrichis.csv,reelle,15753,78.765,,,,0,Moyen,0,False,False
CAN,2023,Stade de la Paix,Bouaké,40000,Mauritania,Algeria,1–0,False,1,False,False,28010.0,,20:00,164,27.2,4593640,can2023_matches_enrichis.csv,reelle,28010,70.025,,,,0,Grand,0,False,False
CAN,2023,Amadou Gon Coulibaly Stadium,Korhogo,20000,Tunisia,Namibia,0–1,False,1,False,True,13991.0,,17:00,164,27.0,2294524,can2023_matches_enrichis.csv,reelle,13991,69.955,,,,0,Moyen,0,False,False
CAN,2023,Amadou Gon Coulibaly Stadium,Korhogo,20000,Mali,South Africa,2–0,False,1,True,False,16894.0,,20:00,164,27.0,2770616,can2023_matches_enrichis.csv,reelle,16894,84.47,,,,0,Moyen,0,False,False
CAN,2023,Amadou Gon Coulibaly Stadium,Korhogo,20000,Tunisia,Mali,1–1,False,1,True,True,18130.0,,20:00,164,28.6,2973320,can2023_matches_enrichis.csv,reelle,18130,90.64999999999999,,,,0,Moyen,0,False,False
CAN,2023,Amadou Gon Coulibaly Stadium,Korhogo,20000,South Africa,Namibia,4–0,False,1,False,False,9304.0,,20:00,164,27.9,1525856,can2023_matches_enrichis.csv,reelle,9304,46.52,,,,0,Moyen,0,False,False
CAN,2023,Amadou Gon Coulibaly Stadium,Korhogo,20000,South Africa,Tunisia,0–0,False,1,False,False,12847.0,,17:00,164,27.1,2106908,can2023_matches_enrichis.csv,reelle,12847,64.235,,,,0,Moyen,0,False,False
CAN,2023,Laurent Pokou Stadium,San-Pédro,20000,Namibia,Mali,0–0,False,1,False,False,15231.0,,17:00,164,28.1,2497884,can2023_matches_enrichis.csv,reelle,15231,76.155,,,,0,Moyen,0,False,False
CAN,2023,Laurent Pokou Stadium,San-Pédro,20000,Morocco,Tanzania,3–0,False,1,False,True,15478.0,,17:00,164,27.1,2538392,can2023_matches_enrichis.csv,reelle,15478,77.39,,,,0,Moyen,0,False,False
CAN,2023,Laurent Pokou Stadium,San-Pédro,20000,DR Congo,Zambia,1–1,False,1,False,False,15478.0,,20:00,164,27.1,2538392,can2023_matches_enrichis.csv,reelle,15478,77.39,,,,0,Moyen,0,False,False
CAN,2023,Laurent Pokou Stadium,San-Pédro,20000,Morocco,DR Congo,1–1,False,1,False,True,13342.0,,14:00,164,27.5,2188088,can2023_matches_enrichis.csv,reelle,13342,66.71000000000001,,,,0,Moyen,0,False,False
CAN,2023,Laurent Pokou Stadium,San-Pédro,20000,Zambia,Tanzania,1–1,False,1,False,False,13342.0,,17:00,164,27.5,2188088,can2023_matches_enrichis.csv,reelle,13342,66.71000000000001,,,,0,Moyen,0,False,False
CAN,2023,Amadou Gon Coulibaly Stadium,Korhogo,20000,Tanzania,DR Congo,0–0,False,1,False,False,12847.0,,20:00,164,27.1,2106908,can2023_matches_enrichis.csv,reelle,12847,64.235,,,,0,Moyen,0,False,False
CAN,2023,Laurent Pokou Stadium,San-Pédro,20000,Zambia,Morocco,0–1,False,1,False,False,15231.0,,20:00,164,28.1,2497884,can2023_matches_enrichis.csv,reelle,15231,76.155,,,,0,Moyen,0,False,False
CAN,2023,Stade de la Paix,Bouaké,40000,Angola,Namibia,3–0,False,2,False,False,28663.0,,17:00,164,26.7,4700732,can2023_matches_enrichis.csv,reelle,28663,71.6575,,,,0,Grand,0,False,False
CAN,2023,Felix Houphouet Boigny Stadium,Abidjan,33000,Nigeria,Cameroon,2–0,False,2,False,True,22085.0,,20:00,164,27.6,3621940,can2023_matches_enrichis.csv,reelle,22085,66.92424242424242,,,,0,Grand,0,False,False
CAN,2023,Alassane Ouattara Stadium,Abidjan,60000,Equatorial Guinea,Guinea,0–1,False,2,False,False,36340.0,,17:00,164,27.2,5959760,can2023_matches_enrichis.csv,reelle,36340,60.56666666666667,,,,0,Grand,0,False,False
CAN,2023,Laurent Pokou Stadium,San Pédro,20000,Egypt,DR Congo,1–1(a.e.t.),False,2,False,True,12342.0,,20:00,164,28.0,2024088,can2023_matches_enrichis.csv,reelle,12342,61.71,,,,0,Moyen,0,False,False
CAN,2023,Felix Houphouet Boigny Stadium,Abidjan,33000,Cape Verde,Mauritania,1–0,False,2,False,False,16088.0,,17:00,164,26.7,2638432,can2023_matches_enrichis.csv,reelle,16088,48.75151515151515,,,,0,Grand,0,False,False
CAN,2023,Charles Konan Banny Stadium,Yamoussoukro,20000,Senegal,Ivory Coast,1–1(a.e.t.),True,2,True,True,19948.0,,20:00,164,26.8,3271472,can2023_matches_enrichis.csv,reelle,19948,99.74,,,,0,Moyen,1,False,False
CAN,2023,Amadou Gon Coulibaly Stadium,Korhogo,20000,Mali,Burkina Faso,2–1,False,2,True,False,19184.0,,17:00,164,26.5,3146176,can2023_matches_enrichis.csv,reelle,19184,95.92,,,,0,Moyen,0,False,False
CAN,2023,Laurent Pokou Stadium,San Pédro,20000,Morocco,South Africa,0–2,False,2,True,True,19078.0,,20:00,164,28.1,3128792,can2023_matches_enrichis.csv,reelle,19078,95.39,,,,0,Moyen,0,False,False
CAN,2023,Felix Houphouet Boigny Stadium,Abidjan,33000,Nigeria,Angola,1–0,False,3,False,True,18757.0,2024-02-02,17:00,164,28.5,3076148,can2023_matches_enrichis.csv,reelle,18757,56.839393939393936,2024.0,2.0,4.0,0,Grand,0,False,False
CAN,2023,Alassane Ouattara Stadium,Abidjan,60000,DR Congo,Guinea,3–1,False,3,False,False,33278.0,2024-02-02,20:00,164,28.5,5457592,can2023_matches_enrichis.csv,reelle,33278,55.46333333333333,2024.0,2.0,4.0,0,Grand,0,False,False
CAN,2023,Stade de la Paix,Bouaké,40000,Mali,Ivory Coast,1–2(a.e.t.),False,3,True,False,39836.0,2024-03-02,17:00,164,27.9,6533104,can2023_matches_enrichis.csv,reelle,39836,99.59,2024.0,3.0,5.0,1,Grand,0,False,False
CAN,2023,Charles Konan Banny Stadium,Yamoussoukro,20000,Cape Verde,South Africa,0–0(a.e.t.),False,3,False,False,12162.0,2024-03-02,20:00,164,27.7,1994568,can2023_matches_enrichis.csv,reelle,12162,60.809999999999995,2024.0,3.0,5.0,1,Moyen,0,False,False
CAN,2023,Stade de la Paix,Bouaké,40000,Nigeria,South Africa,1–1(a.e.t.),False,4,True,True,31227.0,2024-07-02,17:00,164,27.6,5121228,can2023_matches_enrichis.csv,reelle,31227,78.0675,2024.0,7.0,1.0,0,Grand,0,False,False
CAN,2023,Alassane Ouattara Stadium,Abidjan,60000,Ivory Coast,DR Congo,1–0,False,4,True,True,51020.0,2024-07-02,20:00,164,28.3,8367280,can2023_matches_enrichis.csv,reelle,51020,85.03333333333333,2024.0,7.0,1.0,0,Grand,0,True,False
CAN,2023,Felix Houphouet Boigny Stadium,Abidjan,33000,South Africa,DR Congo,0–0(a.e.t.),False,3,False,False,21975.0,2024-10-02,20:00,164,28.6,3603900,can2023_matches_enrichis.csv,reelle,21975,66.5909090909091,2024.0,10.0,2.0,0,Grand,0,False,False
CAN,2023,Alassane Ouattara Stadium,Abidjan,60000,Nigeria,Ivory Coast,1–2,False,5,True,True,57094.0,2024-11-02,20:00,164,28.6,9363416,can2023_matches_enrichis.csv,reelle,57094,95.15666666666667,2024.0,11.0,5.0,1,Grand,0,True,False
CAN,2025,Prince Moulay Abdellah Stadium,Rabat,68700,Morocco,Comoros,2–0,False,1,True,True,60180.0,,20:00,500,13.1,30090000,can2025_matches_enrichis.csv,reelle,60180,87.59825327510917,,,,0,,0,True,False
CAN,2025,Mohammed V Stadium,Casablanca,67000,Mali,Zambia,1–1,False,1,False,True,10124.0,,15:00,500,13.5,5062000,can2025_matches_enrichis.csv,reelle,10124,15.11044776119403,,,,0,,0,False,False
CAN,2025,Mohammed V Stadium,Casablanca,67000,Zambia,Comoros,0–0,False,1,False,False,7829.0,,18:30,500,12.2,3914500,can2025_matches_enrichis.csv,reelle,7829,11.68507462686567,,,,0,,0,False,False
CAN,2025,Prince Moulay Abdellah Stadium,Rabat,68700,Morocco,Mali,1–1,True,1,True,True,63844.0,,21:00,500,12.5,31922000,can2025_matches_enrichis.csv,reelle,63844,92.9315866084425,,,,0,,1,True,False
CAN,2025,Prince Moulay Abdellah Stadium,Rabat,68700,Zambia,Morocco,0–3,False,1,True,False,62532.0,,20:00,500,13.0,31266000,can2025_matches_enrichis.csv,reelle,62532,91.02183406113538,,,,0,,0,True,False
CAN,2025,Mohammed V Stadium,Casablanca,67000,Comoros,Mali,0–0,False,1,False,False,8842.0,,20:00,500,13.3,4421000,can2025_matches_enrichis.csv,reelle,8842,13.197014925373136,,,,0,,0,False,False
CAN,2025,Marrakesh Stadium,Marrakesh,45240,South Africa,Angola,2–1,False,1,False,True,4013.0,,18:00,500,11.7,2006500,can2025_matches_enrichis.csv,reelle,4013,8.870468611847922,,,,0,Grand,0,False,False
CAN,2025,Adrar Stadium,Agadir,45480,Egypt,Zimbabwe,2–1,False,1,False,True,28199.0,,21:00,500,16.1,14099500,can2025_matches_enrichis.csv,reelle,28199,62.00307827616535,,,,0,Grand,0,False,False
CAN,2025,Marrakesh Stadium,Marrakesh,45240,Angola,Zimbabwe,1–1,False,1,False,False,5110.0,,13:30,500,10.3,2555000,can2025_matches_enrichis.csv,reelle,5110,11.295313881520778,,,,0,Grand,0,False,False
CAN,2025,Adrar Stadium,Agadir,45480,Egypt,South Africa,1–0,True,1,True,True,40219.0,,16:00,500,12.7,20109500,can2025_matches_enrichis.csv,reelle,40219,88.43227792436235,,,,0,Grand,1,False,False
CAN,2025,Adrar Stadium,Agadir,45480,Angola,Egypt,0–0,False,1,False,False,16090.0,,17:00,500,13.2,8045000,can2025_matches_enrichis.csv,reelle,16090,35.378188214599824,,,,0,Grand,0,False,False
CAN,2025,Marrakesh Stadium,Marrakesh,45240,Zimbabwe,South Africa,2–3,False,1,False,False,9235.0,,17:00,500,11.1,4617500,can2025_matches_enrichis.csv,reelle,9235,20.413351016799293,,,,0,Grand,0,False,False
CAN,2025,Fez Stadium,Fez,45000,Nigeria,Tanzania,2–1,False,1,False,True,11444.0,,18:30,500,10.4,5722000,can2025_matches_enrichis.csv,reelle,11444,25.43111111111111,,,,0,Grand,0,False,False
CAN,2025,Rabat Olympic Stadium,Rabat,21000,Tunisia,Uganda,3–1,False,1,False,True,13387.0,,21:00,500,13.4,6693500,can2025_matches_enrichis.csv,reelle,13387,63.747619047619054,,,,0,Moyen,0,False,False
CAN,2025,Al Medina Stadium,Rabat,18000,Uganda,Tanzania,1–1,False,1,False,False,10540.0,,18:30,500,12.9,5270000,can2025_matches_enrichis.csv,reelle,10540,58.55555555555556,,,,0,Moyen,0,False,False
CAN,2025,Fez Stadium,Fez,45000,Nigeria,Tunisia,3–2,True,1,False,True,25544.0,,21:00,500,8.8,12772000,can2025_matches_enrichis.csv,reelle,25544,56.764444444444436,,,,0,Grand,1,False,False
CAN,2025,Fez Stadium,Fez,45000,Uganda,Nigeria,1–3,False,1,False,False,11545.0,,17:00,500,10.0,5772500,can2025_matches_enrichis.csv,reelle,11545,25.655555555555555,,,,0,Grand,0,False,False
CAN,2025,Rabat Olympic Stadium,Rabat,21000,Tanzania,Tunisia,1–1,False,1,False,False,15205.0,,17:00,500,13.0,7602500,can2025_matches_enrichis.csv,reelle,15205,72.4047619047619,,,,0,Moyen,0,False,False
CAN,2025,Al Medina Stadium,Rabat,18000,DR Congo,Benin,1–0,False,1,False,False,13073.0,,13:30,500,13.4,6536500,can2025_matches_enrichis.csv,reelle,13073,72.62777777777778,,,,0,Moyen,0,False,False
CAN,2025,Tangier Grand Stadium,Tangier,75600,Senegal,Botswana,3–0,False,1,False,True,18591.0,,16:00,500,11.4,9295500,can2025_matches_enrichis.csv,reelle,18591,24.591269841269842,,,,0,,0,False,False
CAN,2025,Rabat Olympic Stadium,Rabat,21000,Benin,Botswana,1–0,False,1,False,False,7462.0,,13:30,500,12.8,3731000,can2025_matches_enrichis.csv,reelle,7462,35.53333333333333,,,,0,Moyen,0,False,False
CAN,2025,Tangier Grand Stadium,Tangier,75600,Senegal,DR Congo,1–1,False,1,False,True,41672.0,,16:00,500,11.1,20836000,can2025_matches_enrichis.csv,reelle,41672,55.12169312169313,,,,0,,0,False,False
CAN,2025,Tangier Grand Stadium,Tangier,75600,Benin,Senegal,0–3,False,1,False,False,26707.0,,20:00,500,11.3,13353500,can2025_matches_enrichis.csv,reelle,26707,35.326719576719576,,,,0,,0,False,False
CAN,2025,Al Medina Stadium,Rabat,18000,Botswana,DR Congo,0–3,False,1,False,False,12569.0,,20:00,500,13.0,6284500,can2025_matches_enrichis.csv,reelle,12569,69.82777777777778,,,,0,Moyen,0,False,False
CAN,2025,Mohammed V Stadium,Casablanca,67000,Burkina Faso,Equatorial Guinea,2–1,False,1,False,False,10267.0,,13:30,500,13.6,5133500,can2025_matches_enrichis.csv,reelle,10267,15.323880597014924,,,,0,,0,False,False
CAN,2025,Moulay Hassan Stadium,Rabat,22000,Algeria,Sudan,3–0,False,1,False,True,16115.0,,16:00,500,13.5,8057500,can2025_matches_enrichis.csv,reelle,16115,73.25,,,,0,Moyen,0,False,False
CAN,2025,Mohammed V Stadium,Casablanca,67000,Equatorial Guinea,Sudan,0–1,False,1,False,False,8671.0,,16:00,500,12.7,4335500,can2025_matches_enrichis.csv,reelle,8671,12.941791044776119,,,,0,,0,False,False
CAN,2025,Moulay Hassan Stadium,Rabat,22000,Algeria,Burkina Faso,1–0,False,1,True,True,18522.0,,18:30,500,12.5,9261000,can2025_matches_enrichis.csv,reelle,18522,84.19090909090909,,,,0,Moyen,0,False,False
CAN,2025,Moulay Hassan Stadium,Rabat,22000,Equatorial Guinea,Algeria,1–3,False,1,False,False,15187.0,,17:00,500,15.1,7593500,can2025_matches_enrichis.csv,reelle,15187,69.03181818181818,,,,0,Moyen,0,False,False
CAN,2025,Mohammed V Stadium,Casablanca,67000,Sudan,Burkina Faso,0–2,False,1,False,False,10084.0,,17:00,500,15.2,5042000,can2025_matches_enrichis.csv,reelle,10084,15.050746268656717,,,,0,,0,False,False
CAN,2025,Marrakesh Stadium,Marrakesh,45240,Ivory Coast,Mozambique,1–0,False,1,False,True,13041.0,,18:30,500,11.7,6520500,can2025_matches_enrichis.csv,reelle,13041,28.8262599469496,,,,0,Grand,0,False,False
CAN,2025,Adrar Stadium,Agadir,45480,Cameroon,Gabon,1–0,True,1,False,True,35200.0,,21:00,500,13.6,17600000,can2025_matches_enrichis.csv,reelle,35200,77.39665787159191,,,,0,Grand,1,False,False
CAN,2025,Adrar Stadium,Agadir,45480,Gabon,Mozambique,2–3,False,1,False,True,9796.0,,13:30,500,14.0,4898000,can2025_matches_enrichis.csv,reelle,9796,21.539138082673702,,,,0,Grand,0,False,False
CAN,2025,Marrakesh Stadium,Marrakesh,45240,Ivory Coast,Cameroon,1–1,True,1,False,True,35165.0,,21:00,500,10.8,17582500,can2025_matches_enrichis.csv,reelle,35165,77.72988505747126,,,,0,Grand,1,False,False
CAN,2025,Marrakesh Stadium,Marrakesh,45240,Gabon,Ivory Coast,2–3,True,1,False,True,20833.0,,20:00,500,13.5,10416500,can2025_matches_enrichis.csv,reelle,20833,46.0499557913351,,,,0,Grand,1,False,False
CAN,2025,Adrar Stadium,Agadir,45480,Mozambique,Cameroon,1–2,False,1,False,False,13093.0,,20:00,500,15.6,6546500,can2025_matches_enrichis.csv,reelle,13093,28.78847845206684,,,,0,Grand,0,False,False
CAN,2025,Tangier Grand Stadium,Tangier,75600,Senegal,Sudan,3–1,False,2,False,True,30045.0,2026-03-01,17:00,500,14.2,15022500,can2025_matches_enrichis.csv,reelle,30045,39.74206349206349,2026.0,3.0,6.0,1,,0,False,False
CAN,2025,Mohammed V Stadium,Casablanca,67000,Mali,Tunisia,1–1(a.e.t.),True,2,False,True,41982.0,2026-03-01,20:00,500,15.7,20991000,can2025_matches_enrichis.csv,reelle,41982,62.65970149253731,2026.0,3.0,6.0,1,,1,False,False
CAN,2025,Prince Moulay Abdellah Stadium,Rabat,68700,Morocco,Tanzania,1–0,False,2,True,True,63894.0,2026-04-01,17:00,500,15.2,31947000,can2025_matches_enrichis.csv,reelle,63894,93.00436681222708,2026.0,4.0,2.0,0,,0,True,False
CAN,2025,Al Medina Stadium,Rabat,18000,South Africa,Cameroon,1–2,True,2,False,True,14127.0,2026-04-01,20:00,500,15.3,7063500,can2025_matches_enrichis.csv,reelle,14127,78.48333333333333,2026.0,4.0,2.0,0,Moyen,1,False,False
CAN,2025,Adrar Stadium,Agadir,45480,Egypt,Benin,3–1(a.e.t.),False,2,False,True,20191.0,2026-05-01,17:00,500,15.5,10095500,can2025_matches_enrichis.csv,reelle,20191,44.39533861037819,2026.0,5.0,4.0,0,Grand,0,False,False
CAN,2025,Fez Stadium,Fez,45000,Nigeria,Mozambique,4–0,False,2,False,True,14593.0,2026-05-01,20:00,500,11.7,7296500,can2025_matches_enrichis.csv,reelle,14593,32.42888888888889,2026.0,5.0,4.0,0,Grand,0,False,False
CAN,2025,Moulay Hassan Stadium,Rabat,22000,Algeria,DR Congo,1–0(a.e.t.),False,2,True,True,18837.0,2026-06-01,17:00,500,11.7,9418500,can2025_matches_enrichis.csv,reelle,18837,85.62272727272727,2026.0,6.0,0.0,0,Moyen,0,False,False
CAN,2025,Marrakesh Stadium,Marrakesh,45240,Ivory Coast,Burkina Faso,3–0,False,2,False,True,24019.0,2026-06-01,20:00,500,9.2,12009500,can2025_matches_enrichis.csv,reelle,24019,53.092396109637484,2026.0,6.0,0.0,0,Grand,0,False,False
CAN,2025,Tangier Grand Stadium,Tangier,75600,Mali,Senegal,0–1,True,3,False,True,32385.0,2026-09-01,17:00,500,12.9,16192500,can2025_matches_enrichis.csv,reelle,32385,42.83730158730158,2026.0,9.0,1.0,0,,1,False,False
CAN,2025,Prince Moulay Abdellah Stadium,Rabat,68700,Cameroon,Morocco,0–2,True,3,True,True,64178.0,2026-09-01,20:00,500,12.2,32089000,can2025_matches_enrichis.csv,reelle,64178,93.41775836972343,2026.0,9.0,1.0,0,,1,True,False
CAN,2025,Marrakesh Stadium,Marrakesh,45240,Algeria,Nigeria,0–2,True,3,False,True,32452.0,2026-10-01,17:00,500,10.1,16226000,can2025_matches_enrichis.csv,reelle,32452,71.73297966401415,2026.0,10.0,3.0,0,Grand,1,False,False
CAN,2025,Adrar Stadium,Agadir,45480,Egypt,Ivory Coast,3–2,True,3,False,True,31213.0,2026-10-01,20:00,500,13.0,15606500,can2025_matches_enrichis.csv,reelle,31213,68.6301671064204,2026.0,10.0,3.0,0,Grand,1,False,False
CAN,2025,Tangier Grand Stadium,Tangier,75600,Senegal,Egypt,SF1,True,4,True,True,0.0,,18:00,500,20.4,0,can2025_matches_enrichis.csv,reelle,0,0.0,,,,0,,1,False,False
CAN,2025,Prince Moulay Abdellah Stadium,Rabat,68700,Nigeria,Morocco,SF2,False,4,True,True,0.0,,21:00,500,20.4,0,can2025_matches_enrichis.csv,reelle,0,0.0,,,,0,,0,False,False
CAN,2025,Mohammed V Stadium,Casablanca,67000,Loser SF1,Loser SF2,v,False,3,False,False,0.0,,17:00,500,20.4,0,can2025_matches_enrichis.csv,reelle,0,0.0,,,,0,,0,False,False
CAN,2025,Prince Moulay Abdellah Stadium,Rabat,68700,Winner SF1,Winner SF2,v,False,5,True,False,0.0,,20:00,500,20.4,0,can2025_matches_enrichis.csv,reelle,0,0.0,,,,0,,0,False,False
FIFA Club World Cup,2022,Prince Moulay Abdellah Stadium,Rabat,53000,Wydad Casablanca,Al-Hilal,1–1 (a.e.t.),False,2,True,False,43891.0,2023-04-02,15:30,80,11.1,3511280,club_world_cup_multiseason.csv,reelle,43891,82.81320754716981,2023.0,4.0,6.0,1,Grand,0,False,False
FIFA Club World Cup,2022,Prince Moulay Abdellah Stadium,Rabat,53000,Al Ahly,Real Madrid,1–4,False,4,True,True,43508.0,2023-08-02,20:00,80,13.0,3480640,club_world_cup_multiseason.csv,reelle,43508,82.09056603773584,2023.0,8.0,2.0,0,Grand,0,False,False
FIFA Club World Cup,2022,Prince Moulay Abdellah Stadium,Rabat,53000,Real Madrid,Al-Hilal,5–3,False,5,True,True,44439.0,2023-11-02,20:00,80,15.1,3555120,club_world_cup_multiseason.csv,reelle,44439,83.84716981132075,2023.0,11.0,3.0,0,Grand,0,False,False
FIFA Club World Cup,2014,Prince Moulay Abdellah Stadium,Rabat,52000,Moghreb Tétouan,Auckland City,0–0 (a.e.t.),False,1,False,False,35247.0,2014-10-12,19:30,60,12.4,2114820,club_world_cup_multiseason.csv,reelle,35247,67.7826923076923,2014.0,10.0,6.0,1,Grand,0,False,False
FIFA Club World Cup,2014,Prince Moulay Abdellah Stadium,Rabat,52000,ES Sétif,Auckland City,0–1,False,3,True,False,22153.0,,16:00,60,14.8,1329180,club_world_cup_multiseason.csv,reelle,22153,42.60192307692308,,,,0,Grand,0,False,False
FIFA Club World Cup,2014,Prince Moulay Abdellah Stadium,Rabat,52000,Cruz Azul,Western Sydney Wanderers,3–1 (a.e.t.),False,3,True,False,22153.0,,19:30,60,14.8,1329180,club_world_cup_multiseason.csv,reelle,22153,42.60192307692308,,,,0,Grand,0,False,False
FIFA Club World Cup,2014,Stade de Marrakech,Marrakesh,41245,Cruz Azul,Real Madrid,0–4,False,4,True,False,34862.0,,19:30,60,9.8,2091720,club_world_cup_multiseason.csv,reelle,34862,84.52418474966663,,,,0,Grand,0,False,False
FIFA Club World Cup,2014,Stade de Marrakech,Marrakesh,41245,San Lorenzo,Auckland City,2–1 (a.e.t.),False,4,True,True,18458.0,,19:30,60,11.9,1107480,club_world_cup_multiseason.csv,reelle,18458,44.75209116256516,,,,0,Grand,0,False,False
FIFA Club World Cup,2014,Stade de Marrakech,Marrakesh,41245,Western Sydney Wanderers,ES Sétif,2–2,False,1,False,False,18458.0,,16:30,60,11.9,1107480,club_world_cup_multiseason.csv,reelle,18458,44.75209116256516,,,,0,Grand,0,False,False
FIFA Club World Cup,2014,Stade de Marrakech,Marrakesh,41245,Cruz Azul,Auckland City,1–1,False,1,True,False,38345.0,,16:30,60,10.9,2300700,club_world_cup_multiseason.csv,reelle,38345,92.96884470844951,,,,0,Grand,0,False,False
FIFA Club World Cup,2014,Stade de Marrakech,Marrakesh,41245,Real Madrid,San Lorenzo,2–0,False,5,True,True,38345.0,,19:30,60,10.9,2300700,club_world_cup_multiseason.csv,reelle,38345,92.96884470844951,,,,0,Grand,0,False,False
FIFA Club World Cup,2013,Stade Adrar,Agadir,45480,Raja Casablanca,Auckland City,2–1,False,1,False,False,34875.0,2013-11-12,19:30,60,17.9,2092500,club_world_cup_multiseason.csv,reelle,34875,76.68205804749341,2013.0,11.0,1.0,0,Grand,0,False,False
FIFA Club World Cup,2013,Stade Adrar,Agadir,45480,Guangzhou Evergrande,Al Ahly,2–0,False,3,True,False,34579.0,,16:00,60,17.0,2074740,club_world_cup_multiseason.csv,reelle,34579,76.03122251539138,,,,0,Grand,0,False,False
FIFA Club World Cup,2013,Stade Adrar,Agadir,45480,Raja Casablanca,Monterrey,2–1 (a.e.t.),False,3,True,False,34579.0,,19:30,60,17.0,2074740,club_world_cup_multiseason.csv,reelle,34579,76.03122251539138,,,,0,Grand,0,False,False
FIFA Club World Cup,2013,Stade Adrar,Agadir,45480,Guangzhou Evergrande,Bayern Munich,0–3,False,4,True,False,27311.0,,19:30,60,16.0,1638660,club_world_cup_multiseason.csv,reelle,27311,60.050571679859274,,,,0,Grand,0,False,False
FIFA Club World Cup,2013,Stade de Marrakech,Marrakesh,41356,Raja Casablanca,Atlético Mineiro,3–1,False,4,True,False,35219.0,,19:30,60,10.7,2113140,club_world_cup_multiseason.csv,reelle,35219,85.1605571138408,,,,0,Grand,0,False,False
FIFA Club World Cup,2013,Stade de Marrakech,Marrakesh,41356,Al Ahly,Monterrey,1–5,False,1,True,True,35219.0,,16:30,60,10.7,2113140,club_world_cup_multiseason.csv,reelle,35219,85.1605571138408,,,,0,Grand,0,False,False
FIFA Club World Cup,2013,Stade de Marrakech,Marrakesh,41356,Guangzhou Evergrande,Atlético Mineiro,2–3,False,1,True,False,37774.0,,16:30,60,7.6,2266440,club_world_cup_multiseason.csv,reelle,37774,91.33862075635942,,,,0,Grand,0,False,False
FIFA Club World Cup,2013,Stade de Marrakech,Marrakesh,41356,Bayern Munich,Raja Casablanca,2–0,False,5,True,True,37774.0,,19:30,60,7.6,2266440,club_world_cup_multiseason.csv,reelle,37774,91.33862075635942,,,,0,Grand,0,False,False
